episode,policy,board,total_reward,steps,deaths,remaining_pellets,won,seed
1,random_policy,pac,20.0,500,1,176,0,1
2,random_policy,pac,330.0,500,0,185,0,2
3,random_policy,pac,-330.0,500,2,191,0,3
4,random_policy,pac,-70.0,500,1,185,0,4
5,random_policy,pac,-370.0,500,2,191,0,5
6,random_policy,pac,-110.0,500,1,189,0,6
7,random_policy,pac,-563.0,383,4,182,0,7
8,random_policy,pac,-460.0,500,3,184,0,8
9,random_policy,pac,-540.0,500,3,188,0,9
10,random_policy,pac,-675.0,455,4,186,0,10
11,random_policy,pac,160.0,500,0,182,0,11
12,random_policy,pac,-775.0,465,4,199,0,12
13,random_policy,pac,-150.0,500,0,209,0,13
14,random_policy,pac,-685.0,435,4,189,0,14
15,random_policy,pac,-390.0,500,2,193,0,15
16,random_policy,pac,-60.0,500,0,200,0,16
17,random_policy,pac,320.0,500,0,186,0,17
18,random_policy,pac,-643.0,453,4,183,0,18
19,random_policy,pac,-660.0,500,3,200,0,19
20,random_policy,pac,-702.0,212,4,213,0,20
21,random_policy,pac,-650.0,500,2,219,0,21
22,random_policy,pac,-470.0,500,3,185,0,22
23,random_policy,pac,-160.0,500,1,190,0,23
24,random_policy,pac,-220.0,500,2,180,0,24
25,random_policy,pac,-410.0,500,2,195,0,25
26,random_policy,pac,-550.0,310,4,188,0,26
27,random_policy,pac,-828.0,488,4,198,0,27
28,random_policy,pac,380.0,500,0,180,0,28
29,random_policy,pac,-892.0,452,4,208,0,29
30,random_policy,pac,-627.0,477,4,179,0,30
31,random_policy,pac,220.0,500,0,176,0,31
32,random_policy,pac,-170.0,500,1,191,0,32
33,random_policy,pac,-460.0,500,2,200,0,33
34,random_policy,pac,-100.0,500,2,164,0,34
35,random_policy,pac,-738.0,378,4,200,0,35
36,random_policy,pac,-240.0,500,2,178,0,36
37,random_policy,pac,-590.0,500,3,193,0,37
38,random_policy,pac,30.0,500,0,191,0,38
39,random_policy,pac,-490.0,500,3,183,0,39
40,random_policy,pac,-550.0,500,3,189,0,40
41,random_policy,pac,190.0,500,1,179,0,41
42,random_policy,pac,-100.0,500,0,204,0,42
43,random_policy,pac,-708.0,388,4,196,0,43
44,random_policy,pac,-510.0,500,2,205,0,44
45,random_policy,pac,-681.0,331,4,203,0,45
46,random_policy,pac,-390.0,500,2,193,0,46
47,random_policy,pac,-240.0,500,2,178,0,47
48,random_policy,pac,20.0,500,1,176,0,48
49,random_policy,pac,-10.0,500,1,175,0,49
50,random_policy,pac,-350.0,500,2,189,0,50
51,random_policy,pac,-300.0,500,2,184,0,51
52,random_policy,pac,-220.0,500,1,200,0,52
53,random_policy,pac,-659.0,479,4,182,0,53
54,random_policy,pac,-130.0,500,1,187,0,54
55,random_policy,pac,70.0,500,0,187,0,55
56,random_policy,pac,410.0,500,0,177,0,56
57,random_policy,pac,-790.0,370,4,206,0,57
58,random_policy,pac,-350.0,500,2,189,0,58
59,random_policy,pac,230.0,500,0,171,0,59
60,random_policy,pac,-746.0,476,4,191,0,60
61,random_policy,pac,-801.0,431,4,201,0,61
62,random_policy,pac,-320.0,500,2,186,0,62
63,random_policy,pac,-824.0,374,4,209,0,63
64,random_policy,pac,70.0,500,0,187,0,64
65,random_policy,pac,-190.0,500,3,157,0,65
66,random_policy,pac,-170.0,500,1,191,0,66
67,random_policy,pac,-160.0,500,1,194,0,67
68,random_policy,pac,-240.0,500,1,198,0,68
69,random_policy,pac,-140.0,500,3,172,0,69
70,random_policy,pac,-660.0,500,3,200,0,70
71,random_policy,pac,120.0,500,0,186,0,71
72,random_policy,pac,-20.0,500,0,196,0,72
73,random_policy,pac,130.0,500,1,165,0,73
74,random_policy,pac,50.0,500,2,153,0,74
75,random_policy,pac,-860.0,380,4,212,0,75
76,random_policy,pac,-620.0,500,3,196,0,76
77,random_policy,pac,-120.0,500,1,186,0,77
78,random_policy,pac,-753.0,403,4,199,0,78
79,random_policy,pac,320.0,500,0,166,0,79
80,random_policy,pac,-390.0,500,3,177,0,80
81,random_policy,pac,130.0,500,0,181,0,81
82,random_policy,pac,-650.0,500,3,199,0,82
83,random_policy,pac,-840.0,400,4,208,0,83
84,random_policy,pac,-537.0,417,4,180,0,84
85,random_policy,pac,-400.0,500,2,194,0,85
86,random_policy,pac,-570.0,500,3,195,0,86
87,random_policy,pac,-823.0,433,4,203,0,87
88,random_policy,pac,-140.0,500,0,208,0,88
89,random_policy,pac,-160.0,500,3,154,0,89
90,random_policy,pac,160.0,500,0,178,0,90
91,random_policy,pac,-130.0,500,0,207,0,91
92,random_policy,pac,-40.0,500,0,202,0,92
93,random_policy,pac,-180.0,500,2,172,0,93
94,random_policy,pac,-580.0,370,4,189,0,94
95,random_policy,pac,230.0,500,0,195,0,95
96,random_policy,pac,-160.0,500,1,190,0,96
97,random_policy,pac,-400.0,500,3,178,0,97
98,random_policy,pac,-300.0,500,0,224,0,98
99,random_policy,pac,-523.0,343,4,182,0,99
100,random_policy,pac,-130.0,500,0,207,0,100
101,random_policy,pac,-60.0,500,0,200,0,101
102,random_policy,pac,-370.0,500,2,191,0,102
103,random_policy,pac,-460.0,500,2,200,0,103
104,random_policy,pac,-270.0,500,2,181,0,104
105,random_policy,pac,-690.0,500,3,203,0,105
106,random_policy,pac,-80.0,500,0,202,0,106
107,random_policy,pac,-400.0,500,3,174,0,107
108,random_policy,pac,-810.0,360,4,209,0,108
109,random_policy,pac,-498.0,378,4,176,0,109
110,random_policy,pac,90.0,500,0,189,0,110
111,random_policy,pac,0.0,500,0,198,0,111
112,random_policy,pac,210.0,500,0,177,0,112
113,random_policy,pac,-340.0,500,2,188,0,113
114,random_policy,pac,-100.0,500,1,184,0,114
115,random_policy,pac,-776.0,436,4,198,0,115
116,random_policy,pac,-260.0,500,3,164,0,116
117,random_policy,pac,170.0,500,0,181,0,117
118,random_policy,pac,-260.0,500,2,180,0,118
119,random_policy,pac,-540.0,500,2,208,0,119
120,random_policy,pac,-430.0,500,3,181,0,120
121,random_policy,pac,-560.0,500,3,190,0,121
122,random_policy,pac,120.0,500,0,182,0,122
123,random_policy,pac,-560.0,500,2,210,0,123
124,random_policy,pac,-220.0,500,1,196,0,124
125,random_policy,pac,190.0,500,0,199,0,125
126,random_policy,pac,-340.0,500,2,188,0,126
127,random_policy,pac,120.0,500,0,182,0,127
128,random_policy,pac,-260.0,500,1,200,0,128
129,random_policy,pac,-520.0,500,2,206,0,129
130,random_policy,pac,-740.0,280,4,210,0,130
131,random_policy,pac,-360.0,500,2,194,0,131
132,random_policy,pac,-170.0,500,1,191,0,132
133,random_policy,pac,-360.0,500,2,190,0,133
134,random_policy,pac,180.0,500,0,180,0,134
135,random_policy,pac,-20.0,500,0,196,0,135
136,random_policy,pac,50.0,500,0,193,0,136
137,random_policy,pac,-160.0,500,2,174,0,137
138,random_policy,pac,-260.0,500,2,180,0,138
139,random_policy,pac,-300.0,500,3,172,0,139
140,random_policy,pac,-632.0,492,4,178,0,140
141,random_policy,pac,-430.0,500,2,197,0,141
142,random_policy,pac,-510.0,500,2,205,0,142
143,random_policy,pac,-703.0,493,4,185,0,143
144,random_policy,pac,-697.0,457,4,188,0,144
145,random_policy,pac,-577.0,357,4,186,0,145
146,random_policy,pac,-230.0,500,1,197,0,146
147,random_policy,pac,-681.0,471,4,185,0,147
148,random_policy,pac,80.0,500,0,190,0,148
149,random_policy,pac,-70.0,500,0,201,0,149
150,random_policy,pac,-605.0,475,4,177,0,150
151,random_policy,pac,-711.0,451,4,190,0,151
152,random_policy,pac,-651.0,421,4,191,0,152
153,random_policy,pac,-560.0,500,3,190,0,153
154,random_policy,pac,-330.0,500,3,171,0,154
155,random_policy,pac,-390.0,500,2,197,0,155
156,random_policy,pac,210.0,500,0,173,0,156
157,random_policy,pac,-688.0,488,4,184,0,157
158,random_policy,pac,-300.0,500,2,188,0,158
159,random_policy,pac,-590.0,500,3,193,0,159
160,random_policy,pac,-810.0,460,4,199,0,160
161,random_policy,pac,-550.0,500,3,189,0,161
162,random_policy,pac,-400.0,500,2,198,0,162
163,random_policy,pac,-290.0,500,0,223,0,163
164,random_policy,pac,-620.0,500,3,196,0,164
165,random_policy,pac,-380.0,500,2,192,0,165
166,random_policy,pac,40.0,500,0,190,0,166
167,random_policy,pac,-758.0,238,4,216,0,167
168,random_policy,pac,-746.0,226,4,216,0,168
169,random_policy,pac,370.0,500,0,161,0,169
170,random_policy,pac,-440.0,500,3,178,0,170
171,random_policy,pac,-760.0,500,3,210,0,171
172,random_policy,pac,-130.0,500,0,207,0,172
173,random_policy,pac,-627.0,357,4,191,0,173
174,random_policy,pac,510.0,500,0,167,0,174
175,random_policy,pac,-350.0,500,2,193,0,175
176,random_policy,pac,-150.0,500,0,209,0,176
177,random_policy,pac,-100.0,500,1,184,0,177
178,random_policy,pac,-380.0,500,3,176,0,178
179,random_policy,pac,10.0,500,0,197,0,179
180,random_policy,pac,-635.0,395,4,188,0,180
181,random_policy,pac,-210.0,500,0,215,0,181
182,random_policy,pac,-260.0,500,0,220,0,182
183,random_policy,pac,140.0,500,0,184,0,183
184,random_policy,pac,-80.0,500,0,202,0,184
185,random_policy,pac,-532.0,302,4,187,0,185
186,random_policy,pac,-70.0,500,0,205,0,186
187,random_policy,pac,160.0,500,0,202,0,187
188,random_policy,pac,-330.0,500,2,191,0,188
189,random_policy,pac,150.0,500,0,183,0,189
190,random_policy,pac,-561.0,411,4,183,0,190
191,random_policy,pac,-280.0,500,1,206,0,191
192,random_policy,pac,-600.0,500,3,194,0,192
193,random_policy,pac,-130.0,500,0,207,0,193
194,random_policy,pac,-623.0,343,4,192,0,194
195,random_policy,pac,-140.0,500,1,188,0,195
196,random_policy,pac,70.0,500,0,191,0,196
197,random_policy,pac,-180.0,500,2,176,0,197
198,random_policy,pac,-714.0,474,4,192,0,198
199,random_policy,pac,-510.0,500,3,185,0,199
200,random_policy,pac,-820.0,380,4,208,0,200
201,random_policy,pac,-450.0,500,3,183,0,201
202,random_policy,pac,-50.0,500,1,179,0,202
203,random_policy,pac,0.0,500,0,198,0,203
204,random_policy,pac,-733.0,493,4,188,0,204
205,random_policy,pac,-390.0,500,3,177,0,205
206,random_policy,pac,-100.0,500,3,152,0,206
207,random_policy,pac,-350.0,500,2,193,0,207
208,random_policy,pac,-799.0,489,4,195,0,208
209,random_policy,pac,410.0,500,0,161,0,209
210,random_policy,pac,100.0,500,0,188,0,210
211,random_policy,pac,-140.0,500,1,188,0,211
212,random_policy,pac,-140.0,500,1,188,0,212
213,random_policy,pac,90.0,500,0,189,0,213
214,random_policy,pac,-499.0,239,4,190,0,214
215,random_policy,pac,-30.0,500,0,201,0,215
216,random_policy,pac,-510.0,500,3,189,0,216
217,random_policy,pac,-659.0,319,4,202,0,217
218,random_policy,pac,-659.0,449,4,185,0,218
219,random_policy,pac,-70.0,500,1,185,0,219
220,random_policy,pac,-619.0,389,4,187,0,220
221,random_policy,pac,-836.0,466,4,201,0,221
222,random_policy,pac,-70.0,500,1,181,0,222
223,random_policy,pac,-320.0,500,2,186,0,223
224,random_policy,pac,-498.0,278,4,190,0,224
225,random_policy,pac,-580.0,500,3,192,0,225
226,random_policy,pac,-725.0,485,4,192,0,226
227,random_policy,pac,-730.0,480,4,189,0,227
228,random_policy,pac,-420.0,500,2,200,0,228
229,random_policy,pac,-620.0,500,3,196,0,229
230,random_policy,pac,-640.0,500,3,198,0,230
231,random_policy,pac,-120.0,500,0,206,0,231
232,random_policy,pac,-10.0,500,1,179,0,232
233,random_policy,pac,-220.0,500,2,176,0,233
234,random_policy,pac,-520.0,500,3,186,0,234
235,random_policy,pac,-400.0,500,2,194,0,235
236,random_policy,pac,-280.0,500,3,166,0,236
237,random_policy,pac,-990.0,450,4,218,0,237
238,random_policy,pac,-833.0,413,4,206,0,238
239,random_policy,pac,-859.0,479,4,202,0,239
240,random_policy,pac,150.0,500,0,179,0,240
241,random_policy,pac,-746.0,376,4,201,0,241
242,random_policy,pac,-110.0,500,1,189,0,242
243,random_policy,pac,-755.0,425,4,201,0,243
244,random_policy,pac,-767.0,277,4,213,0,244
245,random_policy,pac,-608.0,408,4,184,0,245
246,random_policy,pac,-690.0,340,4,199,0,246
247,random_policy,pac,-150.0,500,2,173,0,247
248,random_policy,pac,-120.0,500,1,190,0,248
249,random_policy,pac,-50.0,500,0,199,0,249
250,random_policy,pac,-630.0,500,3,197,0,250
251,random_policy,pac,-410.0,500,3,175,0,251
252,random_policy,pac,-20.0,500,1,180,0,252
253,random_policy,pac,-200.0,500,3,158,0,253
254,random_policy,pac,-685.0,395,4,197,0,254
255,random_policy,pac,-800.0,370,4,207,0,255
256,random_policy,pac,-70.0,500,0,205,0,256
257,random_policy,pac,-929.0,439,4,213,0,257
258,random_policy,pac,180.0,500,0,180,0,258
259,random_policy,pac,150.0,500,0,183,0,259
260,random_policy,pac,-727.0,217,4,215,0,260
261,random_policy,pac,10.0,500,0,197,0,261
262,random_policy,pac,-700.0,490,4,185,0,262
263,random_policy,pac,180.0,500,0,180,0,263
264,random_policy,pac,-40.0,500,1,182,0,264
265,random_policy,pac,-60.0,500,1,180,0,265
266,random_policy,pac,350.0,500,0,163,0,266
267,random_policy,pac,-120.0,500,3,150,0,267
268,random_policy,pac,-450.0,500,2,199,0,268
269,random_policy,pac,-644.0,324,4,196,0,269
270,random_policy,pac,50.0,500,1,173,0,270
271,random_policy,pac,170.0,500,0,201,0,271
272,random_policy,pac,-20.0,500,0,200,0,272
273,random_policy,pac,-160.0,500,2,174,0,273
274,random_policy,pac,-644.0,494,4,183,0,274
275,random_policy,pac,-120.0,500,1,186,0,275
276,random_policy,pac,30.0,500,0,195,0,276
277,random_policy,pac,-560.0,500,2,210,0,277
278,random_policy,pac,80.0,500,0,190,0,278
279,random_policy,pac,-70.0,500,0,201,0,279
280,random_policy,pac,-90.0,500,1,187,0,280
281,random_policy,pac,-20.0,500,1,180,0,281
282,random_policy,pac,140.0,500,0,184,0,282
283,random_policy,pac,-658.0,318,4,198,0,283
284,random_policy,pac,-898.0,458,4,208,0,284
285,random_policy,pac,-702.0,392,4,195,0,285
286,random_policy,pac,-439.0,369,4,171,0,286
287,random_policy,pac,-783.0,423,4,200,0,287
288,random_policy,pac,-350.0,500,2,189,0,288
289,random_policy,pac,150.0,500,1,159,0,289
290,random_policy,pac,-574.0,344,4,191,0,290
291,random_policy,pac,-30.0,500,0,197,0,291
292,random_policy,pac,240.0,500,0,174,0,292
293,random_policy,pac,-765.0,425,4,198,0,293
294,random_policy,pac,-590.0,500,3,193,0,294
295,random_policy,pac,-439.0,489,4,167,0,295
296,random_policy,pac,190.0,500,0,175,0,296
297,random_policy,pac,80.0,500,0,186,0,297
298,random_policy,pac,-520.0,500,2,206,0,298
299,random_policy,pac,-60.0,500,0,200,0,299
300,random_policy,pac,-618.0,378,4,188,0,300
301,random_policy,pac,-801.0,361,4,208,0,301
302,random_policy,pac,-570.0,500,3,191,0,302
303,random_policy,pac,-560.0,500,3,190,0,303
304,random_policy,pac,-775.0,405,4,201,0,304
305,random_policy,pac,-390.0,500,3,177,0,305
306,random_policy,pac,-260.0,500,1,200,0,306
307,random_policy,pac,-590.0,500,3,193,0,307
308,random_policy,pac,-740.0,370,4,201,0,308
309,random_policy,pac,370.0,500,0,165,0,309
310,random_policy,pac,-746.0,216,4,217,0,310
311,random_policy,pac,-701.0,251,4,209,0,311
312,random_policy,pac,30.0,500,2,155,0,312
313,random_policy,pac,-70.0,500,1,185,0,313
314,random_policy,pac,40.0,500,0,194,0,314
315,random_policy,pac,210.0,500,0,177,0,315
316,random_policy,pac,-140.0,500,2,168,0,316
317,random_policy,pac,-770.0,500,3,211,0,317
318,random_policy,pac,-678.0,408,4,191,0,318
319,random_policy,pac,-430.0,500,2,197,0,319
320,random_policy,pac,-620.0,500,3,196,0,320
321,random_policy,pac,-609.0,369,4,188,0,321
322,random_policy,pac,-220.0,500,1,200,0,322
323,random_policy,pac,-680.0,500,3,202,0,323
324,random_policy,pac,-510.0,500,3,185,0,324
325,random_policy,pac,30.0,500,1,179,0,325
326,random_policy,pac,0.0,500,1,174,0,326
327,random_policy,pac,120.0,500,0,182,0,327
328,random_policy,pac,-684.0,494,4,183,0,328
329,random_policy,pac,-170.0,500,1,195,0,329
330,random_policy,pac,10.0,500,0,193,0,330
331,random_policy,pac,70.0,500,0,187,0,331
332,random_policy,pac,-798.0,338,4,210,0,332
333,random_policy,pac,-515.0,465,4,193,0,333
334,random_policy,pac,-530.0,500,3,187,0,334
335,random_policy,pac,-140.0,500,1,188,0,335
336,random_policy,pac,-390.0,500,2,193,0,336
337,random_policy,pac,-806.0,296,4,215,0,337
338,random_policy,pac,-130.0,500,2,171,0,338
339,random_policy,pac,-884.0,354,4,217,0,339
340,random_policy,pac,-170.0,500,0,211,0,340
341,random_policy,pac,-826.0,406,4,206,0,341
342,random_policy,pac,-410.0,500,3,175,0,342
343,random_policy,pac,-691.0,401,4,197,0,343
344,random_policy,pac,150.0,500,0,183,0,344
345,random_policy,pac,-596.0,326,4,195,0,345
346,random_policy,pac,-711.0,331,4,202,0,346
347,random_policy,pac,-725.0,345,4,202,0,347
348,random_policy,pac,-864.0,384,4,212,0,348
349,random_policy,pac,-670.0,500,3,201,0,349
350,random_policy,pac,-653.0,453,4,184,0,350
351,random_policy,pac,-340.0,500,2,188,0,351
352,random_policy,pac,-697.0,477,4,186,0,352
353,random_policy,pac,-715.0,445,4,191,0,353
354,random_policy,pac,230.0,500,0,175,0,354
355,random_policy,pac,-821.0,451,4,201,0,355
356,random_policy,pac,-310.0,500,1,205,0,356
357,random_policy,pac,-260.0,500,2,184,0,357
358,random_policy,pac,120.0,500,0,182,0,358
359,random_policy,pac,-695.0,395,4,194,0,359
360,random_policy,pac,-240.0,500,2,178,0,360
361,random_policy,pac,-806.0,486,4,196,0,361
362,random_policy,pac,-741.0,441,4,194,0,362
363,random_policy,pac,-500.0,500,2,204,0,363
364,random_policy,pac,-610.0,500,3,195,0,364
365,random_policy,pac,90.0,500,1,169,0,365
366,random_policy,pac,-685.0,315,4,201,0,366
367,random_policy,pac,-643.0,233,4,205,0,367
368,random_policy,pac,-809.0,459,4,199,0,368
369,random_policy,pac,-882.0,472,4,205,0,369
370,random_policy,pac,-300.0,500,1,208,0,370
371,random_policy,pac,-240.0,500,2,178,0,371
372,random_policy,pac,-685.0,485,4,184,0,372
373,random_policy,pac,90.0,500,0,189,0,373
374,random_policy,pac,-420.0,500,3,176,0,374
375,random_policy,pac,-775.0,215,4,220,0,375
376,random_policy,pac,-640.0,500,3,198,0,376
377,random_policy,pac,10.0,500,0,193,0,377
378,random_policy,pac,-584.0,384,4,184,0,378
379,random_policy,pac,-640.0,500,3,198,0,379
380,random_policy,pac,-250.0,500,3,163,0,380
381,random_policy,pac,-745.0,435,4,195,0,381
382,random_policy,pac,-400.0,500,2,194,0,382
383,random_policy,pac,-380.0,500,2,196,0,383
384,random_policy,pac,270.0,500,0,171,0,384
385,random_policy,pac,-650.0,500,3,199,0,385
386,random_policy,pac,-470.0,500,3,181,0,386
387,random_policy,pac,210.0,500,0,177,0,387
388,random_policy,pac,-843.0,363,4,212,0,388
389,random_policy,pac,-670.0,500,3,201,0,389
390,random_policy,pac,-791.0,471,4,196,0,390
391,random_policy,pac,-750.0,500,3,209,0,391
392,random_policy,pac,0.0,500,0,194,0,392
393,random_policy,pac,-260.0,500,2,184,0,393
394,random_policy,pac,-789.0,459,4,197,0,394
395,random_policy,pac,-500.0,500,3,184,0,395
396,random_policy,pac,-530.0,500,3,187,0,396
397,random_policy,pac,-350.0,500,2,193,0,397
398,random_policy,pac,-580.0,500,3,192,0,398
399,random_policy,pac,-878.0,428,4,209,0,399
400,random_policy,pac,-100.0,500,3,172,0,400
401,random_policy,pac,-563.0,453,4,175,0,401
402,random_policy,pac,-700.0,500,3,204,0,402
403,random_policy,pac,-797.0,317,4,212,0,403
404,random_policy,pac,-784.0,234,4,219,0,404
405,random_policy,pac,-500.0,500,3,184,0,405
406,random_policy,pac,-40.0,500,0,198,0,406
407,random_policy,pac,120.0,500,0,182,0,407
408,random_policy,pac,-650.0,500,3,203,0,408
409,random_policy,pac,140.0,500,1,184,0,409
410,random_policy,pac,0.0,500,0,198,0,410
411,random_policy,pac,-160.0,500,0,210,0,411
412,random_policy,pac,-828.0,418,4,205,0,412
413,random_policy,pac,-644.0,414,4,187,0,413
414,random_policy,pac,-400.0,500,3,174,0,414
415,random_policy,pac,-430.0,500,1,217,0,415
416,random_policy,pac,140.0,500,0,184,0,416
417,random_policy,pac,-280.0,500,0,222,0,417
418,random_policy,pac,-620.0,360,4,190,0,418
419,random_policy,pac,-665.0,385,4,192,0,419
420,random_policy,pac,-698.0,378,4,196,0,420
421,random_policy,pac,-708.0,478,4,187,0,421
422,random_policy,pac,-590.0,500,2,213,0,422
423,random_policy,pac,-724.0,444,4,196,0,423
424,random_policy,pac,-140.0,500,0,208,0,424
425,random_policy,pac,-742.0,472,4,191,0,425
426,random_policy,pac,280.0,500,0,190,0,426
427,random_policy,pac,-500.0,500,3,184,0,427
428,random_policy,pac,-60.0,500,1,180,0,428
429,random_policy,pac,-713.0,493,4,190,0,429
430,random_policy,pac,-80.0,500,0,206,0,430
431,random_policy,pac,-510.0,500,3,185,0,431
432,random_policy,pac,-678.0,438,4,192,0,432
433,random_policy,pac,-140.0,500,1,192,0,433
434,random_policy,pac,180.0,500,0,176,0,434
435,random_policy,pac,-716.0,456,4,190,0,435
436,random_policy,pac,90.0,500,0,189,0,436
437,random_policy,pac,-821.0,361,4,210,0,437
438,random_policy,pac,-200.0,500,1,198,0,438
439,random_policy,pac,-130.0,500,1,191,0,439
440,random_policy,pac,50.0,500,0,193,0,440
441,random_policy,pac,-260.0,500,3,164,0,441
442,random_policy,pac,-590.0,500,3,193,0,442
443,random_policy,pac,-30.0,500,0,197,0,443
444,random_policy,pac,-210.0,500,3,159,0,444
445,random_policy,pac,20.0,500,0,196,0,445
446,random_policy,pac,-300.0,500,3,168,0,446
447,random_policy,pac,-692.0,402,4,193,0,447
448,random_policy,pac,-50.0,500,1,183,0,448
449,random_policy,pac,-740.0,300,4,208,0,449
450,random_policy,pac,-532.0,472,4,170,0,450
451,random_policy,pac,-90.0,500,1,183,0,451
452,random_policy,pac,-340.0,500,2,188,0,452
453,random_policy,pac,-100.0,500,0,208,0,453
454,random_policy,pac,150.0,500,0,183,0,454
455,random_policy,pac,-689.0,269,4,206,0,455
456,random_policy,pac,50.0,500,0,193,0,456
457,random_policy,pac,-867.0,437,4,207,0,457
458,random_policy,pac,-320.0,500,2,186,0,458
459,random_policy,pac,40.0,500,1,194,0,459
460,random_policy,pac,-680.0,340,4,198,0,460
461,random_policy,pac,-510.0,500,3,189,0,461
462,random_policy,pac,-453.0,353,4,178,0,462
463,random_policy,pac,150.0,500,0,183,0,463
464,random_policy,pac,-160.0,500,2,194,0,464
465,random_policy,pac,-140.0,500,0,208,0,465
466,random_policy,pac,-393.0,473,4,160,0,466
467,random_policy,pac,-240.0,500,0,218,0,467
468,random_policy,pac,-390.0,500,1,213,0,468
469,random_policy,pac,-730.0,360,4,201,0,469
470,random_policy,pac,-689.0,359,4,197,0,470
471,random_policy,pac,-380.0,500,3,172,0,471
472,random_policy,pac,-692.0,252,4,208,0,472
473,random_policy,pac,-704.0,424,4,196,0,473
474,random_policy,pac,-470.0,500,3,185,0,474
475,random_policy,pac,-500.0,500,3,188,0,475
476,random_policy,pac,150.0,500,0,183,0,476
477,random_policy,pac,50.0,500,0,189,0,477
478,random_policy,pac,-280.0,500,2,182,0,478
479,random_policy,pac,-160.0,500,1,194,0,479
480,random_policy,pac,-100.0,500,1,184,0,480
481,random_policy,pac,10.0,500,0,197,0,481
482,random_policy,pac,-650.0,500,3,199,0,482
483,random_policy,pac,-545.0,285,4,190,0,483
484,random_policy,pac,140.0,500,0,184,0,484
485,random_policy,pac,400.0,500,0,158,0,485
486,random_policy,pac,60.0,500,0,188,0,486
487,random_policy,pac,-761.0,441,4,196,0,487
488,random_policy,pac,-140.0,500,0,208,0,488
489,random_policy,pac,-602.0,372,4,187,0,489
490,random_policy,pac,320.0,500,1,166,0,490
491,random_policy,pac,-835.0,415,4,206,0,491
492,random_policy,pac,-650.0,500,3,199,0,492
493,random_policy,pac,-788.0,488,4,194,0,493
494,random_policy,pac,-340.0,500,3,168,0,494
495,random_policy,pac,-487.0,457,4,191,0,495
496,random_policy,pac,-590.0,500,3,193,0,496
497,random_policy,pac,-270.0,500,2,185,0,497
498,random_policy,pac,-570.0,500,2,211,0,498
499,random_policy,pac,310.0,500,0,187,0,499
500,random_policy,pac,280.0,500,0,170,0,500
501,random_policy,pac,-699.0,369,4,197,0,501
502,random_policy,pac,-653.0,283,4,201,0,502
503,random_policy,pac,-90.0,500,0,203,0,503
504,random_policy,pac,-330.0,500,3,167,0,504
505,random_policy,pac,240.0,500,2,154,0,505
506,random_policy,pac,-388.0,448,4,158,0,506
507,random_policy,pac,50.0,500,1,173,0,507
508,random_policy,pac,-554.0,404,4,179,0,508
509,random_policy,pac,220.0,500,0,176,0,509
510,random_policy,pac,-592.0,332,4,190,0,510
511,random_policy,pac,380.0,500,0,160,0,511
512,random_policy,pac,-805.0,305,4,214,0,512
513,random_policy,pac,-651.0,301,4,203,0,513
514,random_policy,pac,200.0,500,0,174,0,514
515,random_policy,pac,10.0,500,1,173,0,515
516,random_policy,pac,-260.0,500,3,184,0,516
517,random_policy,pac,-780.0,500,3,212,0,517
518,random_policy,pac,-430.0,500,3,181,0,518
519,random_policy,pac,-140.0,500,2,172,0,519
520,random_policy,pac,90.0,500,1,169,0,520
521,random_policy,pac,540.0,500,0,168,0,521
522,random_policy,pac,-696.0,416,4,192,0,522
523,random_policy,pac,-90.0,500,0,203,0,523
524,random_policy,pac,-110.0,500,1,185,0,524
525,random_policy,pac,-430.0,500,2,197,0,525
526,random_policy,pac,-480.0,500,2,202,0,526
527,random_policy,pac,-50.0,500,0,199,0,527
528,random_policy,pac,130.0,500,0,181,0,528
529,random_policy,pac,-120.0,500,0,206,0,529
530,random_policy,pac,-40.0,500,1,182,0,530
531,random_policy,pac,-515.0,435,4,196,0,531
532,random_policy,pac,-902.0,462,4,208,0,532
533,random_policy,pac,-580.0,500,3,192,0,533
534,random_policy,pac,-570.0,500,3,191,0,534
535,random_policy,pac,-687.0,247,4,208,0,535
536,random_policy,pac,200.0,500,0,178,0,536
537,random_policy,pac,-120.0,500,1,190,0,537
538,random_policy,pac,130.0,500,0,181,0,538
539,random_policy,pac,-672.0,362,4,199,0,539
540,random_policy,pac,-90.0,500,0,203,0,540
541,random_policy,pac,-770.0,500,3,211,0,541
542,random_policy,pac,-551.0,381,4,181,0,542
543,random_policy,pac,-60.0,500,0,200,0,543
544,random_policy,pac,90.0,500,0,185,0,544
545,random_policy,pac,-640.0,500,3,198,0,545
546,random_policy,pac,-290.0,500,2,183,0,546
547,random_policy,pac,-643.0,383,4,190,0,547
548,random_policy,pac,-799.0,459,4,198,0,548
549,random_policy,pac,-679.0,489,4,183,0,549
550,random_policy,pac,-70.0,500,0,205,0,550
551,random_policy,pac,-741.0,341,4,208,0,551
552,random_policy,pac,-560.0,500,3,190,0,552
553,random_policy,pac,-650.0,500,3,199,0,553
554,random_policy,pac,-675.0,385,4,193,0,554
555,random_policy,pac,-775.0,415,4,200,0,555
556,random_policy,pac,50.0,500,0,189,0,556
557,random_policy,pac,-658.0,498,4,180,0,557
558,random_policy,pac,-600.0,500,3,198,0,558
559,random_policy,pac,-20.0,500,0,196,0,559
560,random_policy,pac,-833.0,423,4,205,0,560
561,random_policy,pac,-10.0,500,0,199,0,561
562,random_policy,pac,-730.0,500,3,207,0,562
563,random_policy,pac,-603.0,463,4,182,0,563
564,random_policy,pac,-260.0,500,2,180,0,564
565,random_policy,pac,60.0,500,0,188,0,565
566,random_policy,pac,40.0,500,0,194,0,566
567,random_policy,pac,-290.0,500,0,223,0,567
568,random_policy,pac,-550.0,470,4,172,0,568
569,random_policy,pac,-210.0,500,1,195,0,569
570,random_policy,pac,210.0,500,0,197,0,570
571,random_policy,pac,-760.0,500,3,210,0,571
572,random_policy,pac,-664.0,364,4,194,0,572
573,random_policy,pac,-300.0,500,2,188,0,573
574,random_policy,pac,-130.0,500,1,187,0,574
575,random_policy,pac,-528.0,408,4,176,0,575
576,random_policy,pac,-270.0,500,2,185,0,576
577,random_policy,pac,-645.0,345,4,194,0,577
578,random_policy,pac,70.0,500,0,191,0,578
579,random_policy,pac,-780.0,500,3,212,0,579
580,random_policy,pac,430.0,500,0,151,0,580
581,random_policy,pac,-450.0,500,3,179,0,581
582,random_policy,pac,-140.0,500,2,172,0,582
583,random_policy,pac,-447.0,397,4,173,0,583
584,random_policy,pac,-915.0,475,4,208,0,584
585,random_policy,pac,430.0,500,0,175,0,585
586,random_policy,pac,-520.0,500,2,210,0,586
587,random_policy,pac,-768.0,478,4,193,0,587
588,random_policy,pac,0.0,500,0,194,0,588
589,random_policy,pac,-643.0,373,4,191,0,589
590,random_policy,pac,-40.0,500,0,198,0,590
591,random_policy,pac,-610.0,310,4,194,0,591
592,random_policy,pac,-40.0,500,0,198,0,592
593,random_policy,pac,120.0,500,1,162,0,593
594,random_policy,pac,-786.0,476,4,195,0,594
595,random_policy,pac,-260.0,500,2,184,0,595
596,random_policy,pac,-691.0,451,4,188,0,596
597,random_policy,pac,-671.0,361,4,195,0,597
598,random_policy,pac,0.0,500,0,198,0,598
599,random_policy,pac,-874.0,324,4,219,0,599
600,random_policy,pac,-290.0,500,2,183,0,600
601,random_policy,pac,-578.0,448,4,181,0,601
602,random_policy,pac,-700.0,440,4,190,0,602
603,random_policy,pac,-530.0,500,2,207,0,603
604,random_policy,pac,-290.0,500,2,183,0,604
605,random_policy,pac,-120.0,500,0,206,0,605
606,random_policy,pac,-450.0,500,2,199,0,606
607,random_policy,pac,-140.0,500,2,172,0,607
608,random_policy,pac,-30.0,500,1,181,0,608
609,random_policy,pac,-684.0,484,4,184,0,609
610,random_policy,pac,-240.0,500,1,198,0,610
611,random_policy,pac,-773.0,453,4,196,0,611
612,random_policy,pac,-140.0,500,2,172,0,612
613,random_policy,pac,100.0,500,0,188,0,613
614,random_policy,pac,10.0,500,0,197,0,614
615,random_policy,pac,-350.0,500,3,173,0,615
616,random_policy,pac,-620.0,360,4,190,0,616
617,random_policy,pac,-610.0,500,3,195,0,617
618,random_policy,pac,60.0,500,0,188,0,618
619,random_policy,pac,-790.0,490,4,194,0,619
620,random_policy,pac,-583.0,443,4,178,0,620
621,random_policy,pac,-400.0,500,2,194,0,621
622,random_policy,pac,-571.0,291,4,192,0,622
623,random_policy,pac,-420.0,500,3,176,0,623
624,random_policy,pac,-320.0,500,1,206,0,624
625,random_policy,pac,-340.0,500,2,192,0,625
626,random_policy,pac,-180.0,500,1,196,0,626
627,random_policy,pac,-739.0,479,4,190,0,627
628,random_policy,pac,-390.0,500,3,173,0,628
629,random_policy,pac,-741.0,251,4,213,0,629
630,random_policy,pac,-530.0,500,3,191,0,630
631,random_policy,pac,-510.0,500,2,205,0,631
632,random_policy,pac,0.0,500,0,198,0,632
633,random_policy,pac,-400.0,500,2,194,0,633
634,random_policy,pac,-380.0,500,2,192,0,634
635,random_policy,pac,-390.0,500,2,193,0,635
636,random_policy,pac,-648.0,338,4,195,0,636
637,random_policy,pac,-260.0,500,1,200,0,637
638,random_policy,pac,210.0,500,0,173,0,638
639,random_policy,pac,-110.0,500,1,185,0,639
640,random_policy,pac,-632.0,312,4,196,0,640
641,random_policy,pac,-700.0,370,4,197,0,641
642,random_policy,pac,-310.0,500,2,189,0,642
643,random_policy,pac,-360.0,500,3,170,0,643
644,random_policy,pac,-40.0,500,0,198,0,644
645,random_policy,pac,-20.0,500,1,180,0,645
646,random_policy,pac,530.0,500,0,165,0,646
647,random_policy,pac,-813.0,453,4,200,0,647
648,random_policy,pac,-796.0,386,4,205,0,648
649,random_policy,pac,-110.0,500,3,173,0,649
650,random_policy,pac,-564.0,424,4,182,0,650
651,random_policy,pac,90.0,500,2,149,0,651
652,random_policy,pac,350.0,500,0,163,0,652
653,random_policy,pac,-622.0,282,4,198,0,653
654,random_policy,pac,-633.0,343,4,193,0,654
655,random_policy,pac,-400.0,500,2,198,0,655
656,random_policy,pac,-822.0,362,4,210,0,656
657,random_policy,pac,150.0,500,0,183,0,657
658,random_policy,pac,-130.0,500,0,207,0,658
659,random_policy,pac,-460.0,500,2,204,0,659
660,random_policy,pac,-580.0,500,3,192,0,660
661,random_policy,pac,-450.0,500,2,199,0,661
662,random_policy,pac,-636.0,356,4,192,0,662
663,random_policy,pac,70.0,500,0,191,0,663
664,random_policy,pac,-573.0,383,4,183,0,664
665,random_policy,pac,210.0,500,0,197,0,665
666,random_policy,pac,-631.0,471,4,180,0,666
667,random_policy,pac,-293.0,493,4,168,0,667
668,random_policy,pac,40.0,500,1,174,0,668
669,random_policy,pac,240.0,500,0,194,0,669
670,random_policy,pac,70.0,500,0,191,0,670
671,random_policy,pac,-765.0,255,4,215,0,671
672,random_policy,pac,130.0,500,1,185,0,672
673,random_policy,pac,260.0,500,0,172,0,673
674,random_policy,pac,-618.0,348,4,191,0,674
675,random_policy,pac,-619.0,499,4,176,0,675
676,random_policy,pac,-310.0,500,3,165,0,676
677,random_policy,pac,180.0,500,0,176,0,677
678,random_policy,pac,-610.0,500,3,195,0,678
679,random_policy,pac,-60.0,500,2,168,0,679
680,random_policy,pac,-745.0,445,4,194,0,680
681,random_policy,pac,-580.0,430,4,183,0,681
682,random_policy,pac,-210.0,500,2,175,0,682
683,random_policy,pac,-20.0,500,1,176,0,683
684,random_policy,pac,-180.0,500,1,192,0,684
685,random_policy,pac,-690.0,500,3,203,0,685
686,random_policy,pac,-660.0,500,3,200,0,686
687,random_policy,pac,-590.0,500,3,193,0,687
688,random_policy,pac,60.0,500,0,188,0,688
689,random_policy,pac,-120.0,500,1,186,0,689
690,random_policy,pac,-626.0,386,4,188,0,690
691,random_policy,pac,-160.0,500,0,210,0,691
692,random_policy,pac,-110.0,500,0,205,0,692
693,random_policy,pac,-180.0,500,1,192,0,693
694,random_policy,pac,-10.0,500,0,195,0,694
695,random_policy,pac,40.0,500,0,194,0,695
696,random_policy,pac,-590.0,500,3,193,0,696
697,random_policy,pac,-786.0,426,4,200,0,697
698,random_policy,pac,-80.0,500,0,202,0,698
699,random_policy,pac,30.0,500,1,171,0,699
700,random_policy,pac,-70.0,500,1,181,0,700
701,random_policy,pac,-100.0,500,0,204,0,701
702,random_policy,pac,-660.0,480,4,186,0,702
703,random_policy,pac,-440.0,500,2,198,0,703
704,random_policy,pac,120.0,500,0,186,0,704
705,random_policy,pac,-578.0,298,4,192,0,705
706,random_policy,pac,10.0,500,1,177,0,706
707,random_policy,pac,-70.0,500,1,185,0,707
708,random_policy,pac,-90.0,500,1,187,0,708
709,random_policy,pac,-711.0,471,4,188,0,709
710,random_policy,pac,-553.0,463,4,173,0,710
711,random_policy,pac,-310.0,500,2,185,0,711
712,random_policy,pac,-391.0,331,4,174,0,712
713,random_policy,pac,-684.0,454,4,191,0,713
714,random_policy,pac,-560.0,500,3,190,0,714
715,random_policy,pac,-90.0,500,0,203,0,715
716,random_policy,pac,-100.0,500,2,168,0,716
717,random_policy,pac,-440.0,500,2,198,0,717
718,random_policy,pac,140.0,500,0,184,0,718
719,random_policy,pac,-50.0,500,1,179,0,719
720,random_policy,pac,-701.0,341,4,200,0,720
721,random_policy,pac,-560.0,500,3,190,0,721
722,random_policy,pac,-10.0,500,0,199,0,722
723,random_policy,pac,-654.0,474,4,186,0,723
724,random_policy,pac,-570.0,500,3,195,0,724
725,random_policy,pac,-776.0,406,4,201,0,725
726,random_policy,pac,-537.0,347,4,183,0,726
727,random_policy,pac,-707.0,327,4,202,0,727
728,random_policy,pac,-685.0,365,4,196,0,728
729,random_policy,pac,-260.0,500,2,184,0,729
730,random_policy,pac,-721.0,441,4,192,0,730
731,random_policy,pac,-644.0,274,4,201,0,731
732,random_policy,pac,-908.0,458,4,209,0,732
733,random_policy,pac,-512.0,372,4,178,0,733
734,random_policy,pac,80.0,500,2,154,0,734
735,random_policy,pac,-80.0,500,0,202,0,735
736,random_policy,pac,-190.0,500,2,177,0,736
737,random_policy,pac,-550.0,500,3,189,0,737
738,random_policy,pac,-765.0,455,4,195,0,738
739,random_policy,pac,-530.0,500,3,191,0,739
740,random_policy,pac,-711.0,431,4,192,0,740
741,random_policy,pac,-30.0,500,0,197,0,741
742,random_policy,pac,60.0,500,0,192,0,742
743,random_policy,pac,-398.0,428,4,165,0,743
744,random_policy,pac,-160.0,500,1,194,0,744
745,random_policy,pac,-310.0,500,3,165,0,745
746,random_policy,pac,-200.0,500,2,178,0,746
747,random_policy,pac,-727.0,467,4,190,0,747
748,random_policy,pac,-571.0,481,4,177,0,748
749,random_policy,pac,-675.0,355,4,196,0,749
750,random_policy,pac,50.0,500,0,189,0,750
751,random_policy,pac,170.0,500,0,181,0,751
752,random_policy,pac,-517.0,477,4,172,0,752
753,random_policy,pac,-450.0,500,3,179,0,753
754,random_policy,pac,-646.0,416,4,187,0,754
755,random_policy,pac,-270.0,500,2,185,0,755
756,random_policy,pac,-130.0,500,1,187,0,756
757,random_policy,pac,280.0,500,0,170,0,757
758,random_policy,pac,-250.0,500,2,183,0,758
759,random_policy,pac,-453.0,443,4,169,0,759
760,random_policy,pac,-390.0,500,3,173,0,760
761,random_policy,pac,-590.0,500,3,193,0,761
762,random_policy,pac,-660.0,500,3,200,0,762
763,random_policy,pac,-40.0,500,1,182,0,763
764,random_policy,pac,-690.0,500,3,203,0,764
765,random_policy,pac,-470.0,500,2,205,0,765
766,random_policy,pac,-510.0,500,3,185,0,766
767,random_policy,pac,-430.0,500,3,177,0,767
768,random_policy,pac,-650.0,500,3,199,0,768
769,random_policy,pac,-460.0,500,2,204,0,769
770,random_policy,pac,-260.0,500,2,180,0,770
771,random_policy,pac,-370.0,500,2,191,0,771
772,random_policy,pac,-10.0,500,0,195,0,772
773,random_policy,pac,-688.0,288,4,204,0,773
774,random_policy,pac,-649.0,379,4,195,0,774
775,random_policy,pac,-70.0,500,0,201,0,775
776,random_policy,pac,-30.0,500,0,197,0,776
777,random_policy,pac,-927.0,497,4,207,0,777
778,random_policy,pac,-809.0,419,4,203,0,778
779,random_policy,pac,-10.0,500,0,195,0,779
780,random_policy,pac,-829.0,389,4,208,0,780
781,random_policy,pac,-817.0,357,4,210,0,781
782,random_policy,pac,200.0,500,0,174,0,782
783,random_policy,pac,-550.0,500,3,189,0,783
784,random_policy,pac,210.0,500,0,177,0,784
785,random_policy,pac,-520.0,500,3,186,0,785
786,random_policy,pac,-746.0,266,4,212,0,786
787,random_policy,pac,-650.0,500,3,199,0,787
788,random_policy,pac,-520.0,500,3,186,0,788
789,random_policy,pac,-290.0,500,2,187,0,789
790,random_policy,pac,-916.0,476,4,208,0,790
791,random_policy,pac,-230.0,500,2,177,0,791
792,random_policy,pac,30.0,500,0,191,0,792
793,random_policy,pac,0.0,500,1,178,0,793
794,random_policy,pac,-240.0,500,2,178,0,794
795,random_policy,pac,-500.0,500,3,188,0,795
796,random_policy,pac,-625.0,295,4,197,0,796
797,random_policy,pac,-680.0,500,3,202,0,797
798,random_policy,pac,-460.0,380,4,172,0,798
799,random_policy,pac,280.0,500,1,150,0,799
800,random_policy,pac,-500.0,500,3,184,0,800
801,random_policy,pac,-450.0,500,3,183,0,801
802,random_policy,pac,-880.0,470,4,205,0,802
803,random_policy,pac,30.0,500,0,191,0,803
804,random_policy,pac,-230.0,500,2,181,0,804
805,random_policy,pac,-450.0,500,3,179,0,805
806,random_policy,pac,340.0,500,0,184,0,806
807,random_policy,pac,-634.0,344,4,197,0,807
808,random_policy,pac,-610.0,500,3,195,0,808
809,random_policy,pac,-500.0,500,2,204,0,809
810,random_policy,pac,-200.0,500,2,174,0,810
811,random_policy,pac,-20.0,500,0,196,0,811
812,random_policy,pac,-620.0,500,3,196,0,812
813,random_policy,pac,-70.0,500,2,165,0,813
814,random_policy,pac,-615.0,405,4,185,0,814
815,random_policy,pac,-110.0,500,0,205,0,815
816,random_policy,pac,-647.0,467,4,182,0,816
817,random_policy,pac,-670.0,410,4,190,0,817
818,random_policy,pac,-20.0,500,1,176,0,818
819,random_policy,pac,-80.0,500,2,186,0,819
820,random_policy,pac,-703.0,403,4,194,0,820
821,random_policy,pac,-530.0,500,3,187,0,821
822,random_policy,pac,-360.0,500,2,194,0,822
823,random_policy,pac,-767.0,357,4,205,0,823
824,random_policy,pac,120.0,500,0,186,0,824
825,random_policy,pac,30.0,500,0,191,0,825
826,random_policy,pac,-710.0,500,3,205,0,826
827,random_policy,pac,-733.0,353,4,202,0,827
828,random_policy,pac,-380.0,500,3,176,0,828
829,random_policy,pac,-742.0,342,4,204,0,829
830,random_policy,pac,-530.0,500,2,207,0,830
831,random_policy,pac,-500.0,500,3,184,0,831
832,random_policy,pac,-430.0,500,3,177,0,832
833,random_policy,pac,-390.0,500,2,193,0,833
834,random_policy,pac,-50.0,500,3,167,0,834
835,random_policy,pac,-413.0,403,4,169,0,835
836,random_policy,pac,-630.0,500,3,197,0,836
837,random_policy,pac,30.0,500,0,191,0,837
838,random_policy,pac,-837.0,237,4,224,0,838
839,random_policy,pac,-735.0,415,4,196,0,839
840,random_policy,pac,-40.0,500,1,182,0,840
841,random_policy,pac,-693.0,493,4,188,0,841
842,random_policy,pac,-270.0,500,3,165,0,842
843,random_policy,pac,-200.0,500,0,214,0,843
844,random_policy,pac,-826.0,456,4,201,0,844
845,random_policy,pac,-330.0,500,2,191,0,845
846,random_policy,pac,-650.0,500,3,199,0,846
847,random_policy,pac,-360.0,500,2,190,0,847
848,random_policy,pac,270.0,500,2,151,0,848
849,random_policy,pac,-420.0,470,4,163,0,849
850,random_policy,pac,-694.0,344,4,199,0,850
851,random_policy,pac,-560.0,500,3,194,0,851
852,random_policy,pac,-320.0,500,3,170,0,852
853,random_policy,pac,-220.0,500,1,196,0,853
854,random_policy,pac,-20.0,500,0,196,0,854
855,random_policy,pac,-220.0,500,3,180,0,855
856,random_policy,pac,-755.0,185,4,221,0,856
857,random_policy,pac,-260.0,500,2,180,0,857
858,random_policy,pac,-667.0,277,4,203,0,858
859,random_policy,pac,-651.0,241,4,205,0,859
860,random_policy,pac,-691.0,441,4,193,0,860
861,random_policy,pac,-572.0,422,4,183,0,861
862,random_policy,pac,-679.0,439,4,188,0,862
863,random_policy,pac,80.0,500,1,166,0,863
864,random_policy,pac,-546.0,456,4,173,0,864
865,random_policy,pac,-330.0,500,1,207,0,865
866,random_policy,pac,-90.0,500,1,187,0,866
867,random_policy,pac,-410.0,500,2,195,0,867
868,random_policy,pac,-520.0,500,2,206,0,868
869,random_policy,pac,-752.0,452,4,194,0,869
870,random_policy,pac,-666.0,386,4,192,0,870
871,random_policy,pac,-220.0,500,2,176,0,871
872,random_policy,pac,-390.0,500,2,193,0,872
873,random_policy,pac,-90.0,500,0,203,0,873
874,random_policy,pac,-390.0,500,3,177,0,874
875,random_policy,pac,-400.0,500,2,194,0,875
876,random_policy,pac,-270.0,500,2,181,0,876
877,random_policy,pac,-250.0,500,2,203,0,877
878,random_policy,pac,-470.0,500,3,185,0,878
879,random_policy,pac,-488.0,458,4,167,0,879
880,random_policy,pac,-574.0,484,4,173,0,880
881,random_policy,pac,-450.0,500,3,179,0,881
882,random_policy,pac,-862.0,432,4,207,0,882
883,random_policy,pac,-110.0,500,0,205,0,883
884,random_policy,pac,-150.0,500,1,189,0,884
885,random_policy,pac,-607.0,377,4,187,0,885
886,random_policy,pac,200.0,500,0,174,0,886
887,random_policy,pac,-180.0,500,0,212,0,887
888,random_policy,pac,-782.0,342,4,208,0,888
889,random_policy,pac,-730.0,500,3,207,0,889
890,random_policy,pac,-357.0,447,4,179,0,890
891,random_policy,pac,-689.0,459,4,191,0,891
892,random_policy,pac,-747.0,477,4,191,0,892
893,random_policy,pac,-210.0,500,1,195,0,893
894,random_policy,pac,-652.0,492,4,184,0,894
895,random_policy,pac,-20.0,500,0,200,0,895
896,random_policy,pac,-577.0,337,4,192,0,896
897,random_policy,pac,30.0,500,1,171,0,897
898,random_policy,pac,-600.0,500,3,198,0,898
899,random_policy,pac,-604.0,434,4,185,0,899
900,random_policy,pac,-10.0,500,0,199,0,900
901,random_policy,pac,-260.0,500,3,160,0,901
902,random_policy,pac,-180.0,500,3,156,0,902
903,random_policy,pac,-20.0,500,0,200,0,903
904,random_policy,pac,-683.0,283,4,204,0,904
905,random_policy,pac,60.0,500,0,192,0,905
906,random_policy,pac,-585.0,465,4,176,0,906
907,random_policy,pac,-450.0,500,3,179,0,907
908,random_policy,pac,-80.0,500,1,186,0,908
909,random_policy,pac,-754.0,304,4,209,0,909
910,random_policy,pac,-180.0,500,1,192,0,910
911,random_policy,pac,-340.0,500,2,188,0,911
912,random_policy,pac,-240.0,500,0,218,0,912
913,random_policy,pac,-360.0,500,2,194,0,913
914,random_policy,pac,-140.0,500,1,188,0,914
915,random_policy,pac,-60.0,500,2,168,0,915
916,random_policy,pac,60.0,500,0,188,0,916
917,random_policy,pac,-350.0,500,2,189,0,917
918,random_policy,pac,-340.0,500,1,208,0,918
919,random_policy,pac,-240.0,500,1,198,0,919
920,random_policy,pac,-610.0,500,3,195,0,920
921,random_policy,pac,-500.0,500,2,204,0,921
922,random_policy,pac,100.0,500,0,184,0,922
923,random_policy,pac,-320.0,500,2,190,0,923
924,random_policy,pac,-750.0,500,3,209,0,924
925,random_policy,pac,-737.0,447,4,193,0,925
926,random_policy,pac,60.0,500,0,192,0,926
927,random_policy,pac,-646.0,406,4,188,0,927
928,random_policy,pac,-300.0,500,3,168,0,928
929,random_policy,pac,-704.0,294,4,205,0,929
930,random_policy,pac,-446.0,346,4,178,0,930
931,random_policy,pac,-610.0,500,3,195,0,931
932,random_policy,pac,-490.0,500,2,203,0,932
933,random_policy,pac,-280.0,500,3,186,0,933
934,random_policy,pac,-310.0,500,2,185,0,934
935,random_policy,pac,-590.0,500,2,213,0,935
936,random_policy,pac,170.0,500,0,181,0,936
937,random_policy,pac,-518.0,378,4,178,0,937
938,random_policy,pac,-300.0,500,1,204,0,938
939,random_policy,pac,-652.0,322,4,197,0,939
940,random_policy,pac,-170.0,500,2,171,0,940
941,random_policy,pac,-290.0,500,2,183,0,941
942,random_policy,pac,430.0,500,0,175,0,942
943,random_policy,pac,-715.0,465,4,189,0,943
944,random_policy,pac,-120.0,500,2,170,0,944
945,random_policy,pac,-280.0,500,2,186,0,945
946,random_policy,pac,-520.0,500,3,186,0,946
947,random_policy,pac,-650.0,430,4,190,0,947
948,random_policy,pac,-570.0,500,3,191,0,948
949,random_policy,pac,-748.0,408,4,198,0,949
950,random_policy,pac,200.0,500,0,174,0,950
951,random_policy,pac,40.0,500,0,190,0,951
952,random_policy,pac,70.0,500,1,171,0,952
953,random_policy,pac,-611.0,331,4,192,0,953
954,random_policy,pac,-520.0,500,3,186,0,954
955,random_policy,pac,-573.0,283,4,193,0,955
956,random_policy,pac,450.0,500,0,153,0,956
957,random_policy,pac,-220.0,500,2,180,0,957
958,random_policy,pac,-330.0,500,1,207,0,958
959,random_policy,pac,-120.0,500,0,206,0,959
960,random_policy,pac,-60.0,500,0,200,0,960
961,random_policy,pac,160.0,500,0,182,0,961
962,random_policy,pac,-780.0,500,3,212,0,962
963,random_policy,pac,-580.0,500,2,212,0,963
964,random_policy,pac,-130.0,500,2,171,0,964
965,random_policy,pac,-674.0,464,4,189,0,965
966,random_policy,pac,-685.0,415,4,195,0,966
967,random_policy,pac,-612.0,492,4,176,0,967
968,random_policy,pac,-430.0,500,2,197,0,968
969,random_policy,pac,40.0,500,1,174,0,969
970,random_policy,pac,-535.0,485,4,173,0,970
971,random_policy,pac,-551.0,401,4,183,0,971
972,random_policy,pac,90.0,500,0,185,0,972
973,random_policy,pac,-220.0,500,1,196,0,973
974,random_policy,pac,170.0,500,0,177,0,974
975,random_policy,pac,240.0,500,1,158,0,975
976,random_policy,pac,-650.0,320,4,201,0,976
977,random_policy,pac,-410.0,500,3,179,0,977
978,random_policy,pac,-521.0,201,4,200,0,978
979,random_policy,pac,-533.0,413,4,180,0,979
980,random_policy,pac,-490.0,500,3,187,0,980
981,random_policy,pac,-420.0,500,2,196,0,981
982,random_policy,pac,-290.0,500,1,203,0,982
983,random_policy,pac,-80.0,500,1,186,0,983
984,random_policy,pac,90.0,500,0,185,0,984
985,random_policy,pac,-260.0,500,1,200,0,985
986,random_policy,pac,-330.0,500,2,191,0,986
987,random_policy,pac,140.0,500,2,168,0,987
988,random_policy,pac,-642.0,412,4,187,0,988
989,random_policy,pac,60.0,500,0,192,0,989
990,random_policy,pac,-110.0,500,1,185,0,990
991,random_policy,pac,90.0,500,1,189,0,991
992,random_policy,pac,-510.0,500,2,205,0,992
993,random_policy,pac,-480.0,500,2,206,0,993
994,random_policy,pac,-550.0,500,2,209,0,994
995,random_policy,pac,-20.0,500,0,196,0,995
996,random_policy,pac,-240.0,500,2,178,0,996
997,random_policy,pac,-110.0,500,0,205,0,997
998,random_policy,pac,460.0,500,0,156,0,998
999,random_policy,pac,-380.0,500,2,196,0,999
1000,random_policy,pac,-220.0,500,1,200,0,1000
1001,random_policy,pac,-790.0,500,4,193,0,1001
1002,random_policy,pac,-480.0,500,2,202,0,1002
1003,random_policy,pac,280.0,500,0,170,0,1003
1004,random_policy,pac,-160.0,500,2,174,0,1004
1005,random_policy,pac,-300.0,500,1,204,0,1005
1006,random_policy,pac,-90.0,500,1,183,0,1006
1007,random_policy,pac,100.0,500,0,188,0,1007
1008,random_policy,pac,-120.0,500,1,186,0,1008
1009,random_policy,pac,-200.0,500,2,178,0,1009
1010,random_policy,pac,40.0,500,0,190,0,1010
1011,random_policy,pac,-560.0,500,3,190,0,1011
1012,random_policy,pac,-130.0,500,0,207,0,1012
1013,random_policy,pac,-635.0,455,4,182,0,1013
1014,random_policy,pac,-360.0,500,2,190,0,1014
1015,random_policy,pac,50.0,500,0,193,0,1015
1016,random_policy,pac,-390.0,500,2,193,0,1016
1017,random_policy,pac,70.0,500,0,187,0,1017
1018,random_policy,pac,250.0,500,0,169,0,1018
1019,random_policy,pac,260.0,500,1,152,0,1019
1020,random_policy,pac,570.0,500,0,165,0,1020
1021,random_policy,pac,-320.0,500,2,190,0,1021
1022,random_policy,pac,-320.0,500,3,170,0,1022
1023,random_policy,pac,-230.0,500,2,181,0,1023
1024,random_policy,pac,-110.0,500,2,165,0,1024
1025,random_policy,pac,-802.0,322,4,212,0,1025
1026,random_policy,pac,-835.0,445,4,203,0,1026
1027,random_policy,pac,-220.0,500,2,180,0,1027
1028,random_policy,pac,-40.0,500,1,178,0,1028
1029,random_policy,pac,-420.0,500,3,180,0,1029
1030,random_policy,pac,330.0,500,0,165,0,1030
1031,random_policy,pac,50.0,500,0,193,0,1031
1032,random_policy,pac,-620.0,500,3,196,0,1032
1033,random_policy,pac,-390.0,500,2,197,0,1033
1034,random_policy,pac,-1041.0,491,4,219,0,1034
1035,random_policy,pac,-774.0,394,4,202,0,1035
1036,random_policy,pac,-851.0,441,4,205,0,1036
1037,random_policy,pac,-556.0,226,4,197,0,1037
1038,random_policy,pac,-370.0,500,2,191,0,1038
1039,random_policy,pac,-60.0,500,0,200,0,1039
1040,random_policy,pac,-541.0,441,4,174,0,1040
1041,random_policy,pac,30.0,500,1,195,0,1041
1042,random_policy,pac,180.0,500,0,180,0,1042
1043,random_policy,pac,-260.0,500,3,168,0,1043
1044,random_policy,pac,-170.0,500,1,191,0,1044
1045,random_policy,pac,-163.0,463,4,158,0,1045
1046,random_policy,pac,-40.0,500,2,162,0,1046
1047,random_policy,pac,20.0,500,0,196,0,1047
1048,random_policy,pac,-680.0,410,4,191,0,1048
1049,random_policy,pac,-730.0,410,4,196,0,1049
1050,random_policy,pac,70.0,500,0,191,0,1050
1051,random_policy,pac,-320.0,500,2,186,0,1051
1052,random_policy,pac,-400.0,500,3,178,0,1052
1053,random_policy,pac,-20.0,500,2,160,0,1053
1054,random_policy,pac,-190.0,500,2,173,0,1054
1055,random_policy,pac,110.0,500,0,187,0,1055
1056,random_policy,pac,-210.0,500,1,195,0,1056
1057,random_policy,pac,-678.0,318,4,200,0,1057
1058,random_policy,pac,-130.0,500,0,207,0,1058
1059,random_policy,pac,-300.0,500,2,184,0,1059
1060,random_policy,pac,-340.0,500,2,188,0,1060
1061,random_policy,pac,-40.0,500,0,198,0,1061
1062,random_policy,pac,-750.0,500,3,209,0,1062
1063,random_policy,pac,-230.0,500,2,181,0,1063
1064,random_policy,pac,260.0,500,0,168,0,1064
1065,random_policy,pac,-460.0,500,3,180,0,1065
1066,random_policy,pac,-100.0,500,2,168,0,1066
1067,random_policy,pac,-20.0,500,1,176,0,1067
1068,random_policy,pac,-604.0,304,4,194,0,1068
1069,random_policy,pac,40.0,500,0,190,0,1069
1070,random_policy,pac,-110.0,500,0,205,0,1070
1071,random_policy,pac,-290.0,500,3,187,0,1071
1072,random_policy,pac,160.0,500,0,182,0,1072
1073,random_policy,pac,-750.0,500,3,209,0,1073
1074,random_policy,pac,10.0,500,0,197,0,1074
1075,random_policy,pac,60.0,500,1,172,0,1075
1076,random_policy,pac,-480.0,500,2,202,0,1076
1077,random_policy,pac,-600.0,500,3,198,0,1077
1078,random_policy,pac,-657.0,317,4,198,0,1078
1079,random_policy,pac,430.0,500,0,175,0,1079
1080,random_policy,pac,-730.0,480,4,189,0,1080
1081,random_policy,pac,-650.0,500,3,199,0,1081
1082,random_policy,pac,-10.0,500,0,195,0,1082
1083,random_policy,pac,-10.0,500,0,195,0,1083
1084,random_policy,pac,220.0,500,0,172,0,1084
1085,random_policy,pac,-650.0,500,3,203,0,1085
1086,random_policy,pac,-831.0,461,4,201,0,1086
1087,random_policy,pac,-180.0,500,1,192,0,1087
1088,random_policy,pac,-260.0,500,2,184,0,1088
1089,random_policy,pac,0.0,500,1,174,0,1089
1090,random_policy,pac,-210.0,500,0,215,0,1090
1091,random_policy,pac,-230.0,500,3,161,0,1091
1092,random_policy,pac,-70.0,500,3,149,0,1092
1093,random_policy,pac,-250.0,500,3,163,0,1093
1094,random_policy,pac,-120.0,500,2,170,0,1094
1095,random_policy,pac,-30.0,500,2,161,0,1095
1096,random_policy,pac,-350.0,500,2,189,0,1096
1097,random_policy,pac,-707.0,317,4,203,0,1097
1098,random_policy,pac,-555.0,215,4,198,0,1098
1099,random_policy,pac,100.0,500,0,188,0,1099
1100,random_policy,pac,-806.0,366,4,208,0,1100
1101,random_policy,pac,500.0,500,0,148,0,1101
1102,random_policy,pac,-760.0,500,3,210,0,1102
1103,random_policy,pac,-882.0,472,4,205,0,1103
1104,random_policy,pac,-80.0,500,0,202,0,1104
1105,random_policy,pac,-350.0,500,2,189,0,1105
1106,random_policy,pac,-789.0,379,4,205,0,1106
1107,random_policy,pac,-638.0,478,4,184,0,1107
1108,random_policy,pac,-510.0,500,3,185,0,1108
1109,random_policy,pac,20.0,500,1,176,0,1109
1110,random_policy,pac,10.0,500,0,197,0,1110
1111,random_policy,pac,-457.0,357,4,198,0,1111
1112,random_policy,pac,-606.0,396,4,185,0,1112
1113,random_policy,pac,-360.0,500,3,170,0,1113
1114,random_policy,pac,80.0,500,0,190,0,1114
1115,random_policy,pac,-500.0,500,3,184,0,1115
1116,random_policy,pac,-320.0,500,3,170,0,1116
1117,random_policy,pac,30.0,500,0,191,0,1117
1118,random_policy,pac,0.0,500,2,178,0,1118
1119,random_policy,pac,-90.0,500,2,171,0,1119
1120,random_policy,pac,-610.0,500,3,195,0,1120
1121,random_policy,pac,-717.0,287,4,207,0,1121
1122,random_policy,pac,-277.0,367,4,159,0,1122
1123,random_policy,pac,-587.0,487,4,182,0,1123
1124,random_policy,pac,-40.0,500,0,202,0,1124
1125,random_policy,pac,-200.0,500,3,154,0,1125
1126,random_policy,pac,-460.0,500,2,200,0,1126
1127,random_policy,pac,-40.0,500,2,182,0,1127
1128,random_policy,pac,-492.0,442,4,193,0,1128
1129,random_policy,pac,120.0,500,0,186,0,1129
1130,random_policy,pac,-502.0,342,4,184,0,1130
1131,random_policy,pac,-590.0,500,3,193,0,1131
1132,random_policy,pac,-639.0,459,4,186,0,1132
1133,random_policy,pac,60.0,500,0,192,0,1133
1134,random_policy,pac,-20.0,500,1,180,0,1134
1135,random_policy,pac,100.0,500,0,188,0,1135
1136,random_policy,pac,210.0,500,0,177,0,1136
1137,random_policy,pac,-200.0,500,2,174,0,1137
1138,random_policy,pac,-280.0,500,2,182,0,1138
1139,random_policy,pac,-698.0,398,4,194,0,1139
1140,random_policy,pac,200.0,500,0,178,0,1140
1141,random_policy,pac,-752.0,372,4,202,0,1141
1142,random_policy,pac,-230.0,500,1,197,0,1142
1143,random_policy,pac,-510.0,500,3,185,0,1143
1144,random_policy,pac,-693.0,303,4,203,0,1144
1145,random_policy,pac,-807.0,287,4,216,0,1145
1146,random_policy,pac,110.0,500,0,187,0,1146
1147,random_policy,pac,-80.0,500,2,162,0,1147
1148,random_policy,pac,-80.0,500,2,166,0,1148
1149,random_policy,pac,-290.0,500,2,183,0,1149
1150,random_policy,pac,-748.0,308,4,208,0,1150
1151,random_policy,pac,-50.0,500,0,199,0,1151
1152,random_policy,pac,-690.0,240,4,209,0,1152
1153,random_policy,pac,-150.0,500,2,169,0,1153
1154,random_policy,pac,-200.0,500,2,174,0,1154
1155,random_policy,pac,-868.0,488,4,202,0,1155
1156,random_policy,pac,-735.0,355,4,202,0,1156
1157,random_policy,pac,190.0,500,0,179,0,1157
1158,random_policy,pac,40.0,500,0,194,0,1158
1159,random_policy,pac,-20.0,500,0,196,0,1159
1160,random_policy,pac,-10.0,500,0,195,0,1160
1161,random_policy,pac,-430.0,500,3,177,0,1161
1162,random_policy,pac,-567.0,427,4,182,0,1162
1163,random_policy,pac,-10.0,500,1,175,0,1163
1164,random_policy,pac,80.0,500,0,186,0,1164
1165,random_policy,pac,-260.0,500,1,200,0,1165
1166,random_policy,pac,-452.0,442,4,165,0,1166
1167,random_policy,pac,-436.0,416,4,166,0,1167
1168,random_policy,pac,-670.0,430,4,188,0,1168
1169,random_policy,pac,-130.0,500,3,151,0,1169
1170,random_policy,pac,-240.0,500,0,218,0,1170
1171,random_policy,pac,-250.0,500,3,159,0,1171
1172,random_policy,pac,-370.0,500,2,191,0,1172
1173,random_policy,pac,-520.0,500,3,186,0,1173
1174,random_policy,pac,-20.0,500,1,176,0,1174
1175,random_policy,pac,200.0,500,0,178,0,1175
1176,random_policy,pac,-615.0,455,4,180,0,1176
1177,random_policy,pac,-280.0,500,1,202,0,1177
1178,random_policy,pac,-519.0,429,4,173,0,1178
1179,random_policy,pac,-349.0,479,4,151,0,1179
1180,random_policy,pac,-100.0,500,1,188,0,1180
1181,random_policy,pac,-100.0,500,0,204,0,1181
1182,random_policy,pac,-50.0,500,1,183,0,1182
1183,random_policy,pac,-480.0,500,2,202,0,1183
1184,random_policy,pac,-812.0,342,4,211,0,1184
1185,random_policy,pac,-250.0,500,3,163,0,1185
1186,random_policy,pac,-785.0,405,4,202,0,1186
1187,random_policy,pac,-220.0,500,2,176,0,1187
1188,random_policy,pac,-710.0,500,4,185,0,1188
1189,random_policy,pac,-270.0,500,2,181,0,1189
1190,random_policy,pac,-823.0,363,4,210,0,1190
1191,random_policy,pac,-70.0,500,0,205,0,1191
1192,random_policy,pac,-846.0,366,4,212,0,1192
1193,random_policy,pac,-390.0,500,2,193,0,1193
1194,random_policy,pac,-753.0,483,4,191,0,1194
1195,random_policy,pac,-700.0,500,4,184,0,1195
1196,random_policy,pac,-120.0,500,0,206,0,1196
1197,random_policy,pac,-473.0,463,4,169,0,1197
1198,random_policy,pac,-604.0,354,4,189,0,1198
1199,random_policy,pac,-826.0,466,4,200,0,1199
1200,random_policy,pac,-820.0,500,3,216,0,1200
1201,random_policy,pac,260.0,500,0,168,0,1201
1202,random_policy,pac,-570.0,500,3,191,0,1202
1203,random_policy,pac,270.0,500,0,171,0,1203
1204,random_policy,pac,-220.0,500,0,216,0,1204
1205,random_policy,pac,-510.0,500,2,205,0,1205
1206,random_policy,pac,-160.0,500,1,190,0,1206
1207,random_policy,pac,-659.0,299,4,200,0,1207
1208,random_policy,pac,-50.0,500,1,183,0,1208
1209,random_policy,pac,170.0,500,0,177,0,1209
1210,random_policy,pac,-90.0,500,0,203,0,1210
1211,random_policy,pac,-570.0,500,3,195,0,1211
1212,random_policy,pac,-170.0,500,1,195,0,1212
1213,random_policy,pac,-320.0,500,2,190,0,1213
1214,random_policy,pac,-120.0,500,1,190,0,1214
1215,random_policy,pac,220.0,500,0,176,0,1215
1216,random_policy,pac,-831.0,361,4,211,0,1216
1217,random_policy,pac,-320.0,500,3,170,0,1217
1218,random_policy,pac,-700.0,260,4,208,0,1218
1219,random_policy,pac,-615.0,365,4,189,0,1219
1220,random_policy,pac,-10.0,500,0,195,0,1220
1221,random_policy,pac,250.0,500,0,173,0,1221
1222,random_policy,pac,130.0,500,0,185,0,1222
1223,random_policy,pac,-656.0,356,4,194,0,1223
1224,random_policy,pac,-540.0,500,2,208,0,1224
1225,random_policy,pac,-260.0,500,0,220,0,1225
1226,random_policy,pac,-800.0,460,4,198,0,1226
1227,random_policy,pac,-589.0,459,4,181,0,1227
1228,random_policy,pac,-906.0,486,4,206,0,1228
1229,random_policy,pac,-560.0,500,2,210,0,1229
1230,random_policy,pac,-784.0,424,4,200,0,1230
1231,random_policy,pac,-826.0,386,4,208,0,1231
1232,random_policy,pac,-120.0,500,0,206,0,1232
1233,random_policy,pac,-250.0,500,0,219,0,1233
1234,random_policy,pac,-597.0,347,4,189,0,1234
1235,random_policy,pac,-80.0,500,1,182,0,1235
1236,random_policy,pac,130.0,500,0,185,0,1236
1237,random_policy,pac,140.0,500,0,180,0,1237
1238,random_policy,pac,-430.0,500,3,181,0,1238
1239,random_policy,pac,-350.0,500,1,209,0,1239
1240,random_policy,pac,190.0,500,0,179,0,1240
1241,random_policy,pac,270.0,500,1,155,0,1241
1242,random_policy,pac,-180.0,500,2,172,0,1242
1243,random_policy,pac,-520.0,500,2,206,0,1243
1244,random_policy,pac,350.0,500,0,163,0,1244
1245,random_policy,pac,180.0,500,0,176,0,1245
1246,random_policy,pac,-658.0,228,4,207,0,1246
1247,random_policy,pac,160.0,500,2,182,0,1247
1248,random_policy,pac,-533.0,243,4,193,0,1248
1249,random_policy,pac,60.0,500,1,172,0,1249
1250,random_policy,pac,-560.0,500,3,194,0,1250
1251,random_policy,pac,-877.0,497,4,202,0,1251
1252,random_policy,pac,-500.0,420,4,176,0,1252
1253,random_policy,pac,-520.0,500,3,186,0,1253
1254,random_policy,pac,-300.0,500,0,224,0,1254
1255,random_policy,pac,-210.0,500,0,215,0,1255
1256,random_policy,pac,370.0,500,0,157,0,1256
1257,random_policy,pac,-460.0,500,2,200,0,1257
1258,random_policy,pac,-400.0,500,2,194,0,1258
1259,random_policy,pac,-290.0,500,2,183,0,1259
1260,random_policy,pac,-874.0,494,4,202,0,1260
1261,random_policy,pac,-600.0,500,3,194,0,1261
1262,random_policy,pac,-220.0,500,2,180,0,1262
1263,random_policy,pac,-580.0,500,3,192,0,1263
1264,random_policy,pac,-440.0,500,2,198,0,1264
1265,random_policy,pac,-818.0,458,4,200,0,1265
1266,random_policy,pac,-470.0,500,3,181,0,1266
1267,random_policy,pac,-80.0,500,1,182,0,1267
1268,random_policy,pac,-440.0,500,3,182,0,1268
1269,random_policy,pac,-832.0,382,4,209,0,1269
1270,random_policy,pac,-706.0,496,4,185,0,1270
1271,random_policy,pac,-684.0,354,4,197,0,1271
1272,random_policy,pac,10.0,500,0,197,0,1272
1273,random_policy,pac,-300.0,500,2,184,0,1273
1274,random_policy,pac,260.0,500,0,172,0,1274
1275,random_policy,pac,-405.0,435,4,161,0,1275
1276,random_policy,pac,-746.0,366,4,202,0,1276
1277,random_policy,pac,10.0,500,0,193,0,1277
1278,random_policy,pac,-692.0,392,4,194,0,1278
1279,random_policy,pac,270.0,500,0,171,0,1279
1280,random_policy,pac,-370.0,500,2,191,0,1280
1281,random_policy,pac,-761.0,491,4,191,0,1281
1282,random_policy,pac,-430.0,500,3,181,0,1282
1283,random_policy,pac,-340.0,500,2,192,0,1283
1284,random_policy,pac,-290.0,500,2,183,0,1284
1285,random_policy,pac,-70.0,500,0,201,0,1285
1286,random_policy,pac,-733.0,413,4,196,0,1286
1287,random_policy,pac,-430.0,500,2,197,0,1287
1288,random_policy,pac,250.0,500,0,173,0,1288
1289,random_policy,pac,-562.0,422,4,178,0,1289
1290,random_policy,pac,-610.0,360,4,189,0,1290
1291,random_policy,pac,-572.0,452,4,180,0,1291
1292,random_policy,pac,-891.0,491,4,204,0,1292
1293,random_policy,pac,-814.0,334,4,212,0,1293
1294,random_policy,pac,-760.0,370,4,203,0,1294
1295,random_policy,pac,-686.0,306,4,202,0,1295
1296,random_policy,pac,-350.0,500,3,173,0,1296
1297,random_policy,pac,100.0,500,2,168,0,1297
1298,random_policy,pac,-808.0,498,4,195,0,1298
1299,random_policy,pac,90.0,500,0,189,0,1299
1300,random_policy,pac,140.0,500,0,184,0,1300
1301,random_policy,pac,-653.0,303,4,199,0,1301
1302,random_policy,pac,-479.0,389,4,177,0,1302
1303,random_policy,pac,-788.0,228,4,220,0,1303
1304,random_policy,pac,-510.0,500,1,225,0,1304
1305,random_policy,pac,-90.0,500,2,187,0,1305
1306,random_policy,pac,20.0,500,0,196,0,1306
1307,random_policy,pac,-370.0,500,3,175,0,1307
1308,random_policy,pac,110.0,500,0,183,0,1308
1309,random_policy,pac,-760.0,400,4,200,0,1309
1310,random_policy,pac,-760.0,400,4,200,0,1310
1311,random_policy,pac,-450.0,500,2,199,0,1311
1312,random_policy,pac,-562.0,402,4,180,0,1312
1313,random_policy,pac,-596.0,416,4,186,0,1313
1314,random_policy,pac,-931.0,461,4,211,0,1314
1315,random_policy,pac,160.0,500,0,202,0,1315
1316,random_policy,pac,-420.0,500,1,216,0,1316
1317,random_policy,pac,130.0,500,0,185,0,1317
1318,random_policy,pac,20.0,500,0,196,0,1318
1319,random_policy,pac,180.0,500,0,176,0,1319
1320,random_policy,pac,-732.0,342,4,203,0,1320
1321,random_policy,pac,-430.0,500,2,201,0,1321
1322,random_policy,pac,-560.0,500,3,194,0,1322
1323,random_policy,pac,-717.0,387,4,197,0,1323
1324,random_policy,pac,-490.0,500,3,183,0,1324
1325,random_policy,pac,-670.0,500,3,201,0,1325
1326,random_policy,pac,-580.0,500,3,192,0,1326
1327,random_policy,pac,-450.0,500,2,199,0,1327
1328,random_policy,pac,-200.0,500,1,198,0,1328
1329,random_policy,pac,-330.0,500,2,187,0,1329
1330,random_policy,pac,-684.0,494,4,183,0,1330
1331,random_policy,pac,-679.0,349,4,197,0,1331
1332,random_policy,pac,-230.0,500,1,197,0,1332
1333,random_policy,pac,-602.0,442,4,180,0,1333
1334,random_policy,pac,60.0,500,0,188,0,1334
1335,random_policy,pac,160.0,500,0,182,0,1335
1336,random_policy,pac,-448.0,388,4,170,0,1336
1337,random_policy,pac,-767.0,377,4,203,0,1337
1338,random_policy,pac,-530.0,500,3,187,0,1338
1339,random_policy,pac,-708.0,328,4,202,0,1339
1340,random_policy,pac,-360.0,500,2,190,0,1340
1341,random_policy,pac,50.0,500,0,189,0,1341
1342,random_policy,pac,-588.0,348,4,188,0,1342
1343,random_policy,pac,-370.0,500,1,211,0,1343
1344,random_policy,pac,-380.0,500,1,212,0,1344
1345,random_policy,pac,-60.0,500,0,204,0,1345
1346,random_policy,pac,110.0,500,0,187,0,1346
1347,random_policy,pac,-510.0,500,2,205,0,1347
1348,random_policy,pac,30.0,500,0,191,0,1348
1349,random_policy,pac,230.0,500,0,175,0,1349
1350,random_policy,pac,-619.0,379,4,188,0,1350
1351,random_policy,pac,-645.0,255,4,203,0,1351
1352,random_policy,pac,-670.0,280,4,203,0,1352
1353,random_policy,pac,-600.0,500,3,194,0,1353
1354,random_policy,pac,-80.0,500,1,182,0,1354
1355,random_policy,pac,220.0,500,0,172,0,1355
1356,random_policy,pac,60.0,500,2,172,0,1356
1357,random_policy,pac,-662.0,452,4,185,0,1357
1358,random_policy,pac,-180.0,500,2,176,0,1358
1359,random_policy,pac,-520.0,500,3,186,0,1359
1360,random_policy,pac,-646.0,286,4,204,0,1360
1361,random_policy,pac,-300.0,500,3,168,0,1361
1362,random_policy,pac,140.0,500,0,184,0,1362
1363,random_policy,pac,20.0,500,0,192,0,1363
1364,random_policy,pac,30.0,500,0,191,0,1364
1365,random_policy,pac,-650.0,500,3,199,0,1365
1366,random_policy,pac,-100.0,500,1,184,0,1366
1367,random_policy,pac,-410.0,500,3,175,0,1367
1368,random_policy,pac,-80.0,500,0,206,0,1368
1369,random_policy,pac,-490.0,500,3,183,0,1369
1370,random_policy,pac,-400.0,500,3,198,0,1370
1371,random_policy,pac,150.0,500,0,183,0,1371
1372,random_policy,pac,-210.0,500,1,199,0,1372
1373,random_policy,pac,-490.0,500,3,187,0,1373
1374,random_policy,pac,-570.0,500,2,211,0,1374
1375,random_policy,pac,-555.0,465,4,197,0,1375
1376,random_policy,pac,110.0,500,0,183,0,1376
1377,random_policy,pac,-330.0,500,2,187,0,1377
1378,random_policy,pac,-390.0,500,1,213,0,1378
1379,random_policy,pac,100.0,500,1,168,0,1379
1380,random_policy,pac,-610.0,410,4,184,0,1380
1381,random_policy,pac,-620.0,500,3,196,0,1381
1382,random_policy,pac,70.0,500,0,191,0,1382
1383,random_policy,pac,-320.0,500,1,206,0,1383
1384,random_policy,pac,-671.0,261,4,205,0,1384
1385,random_policy,pac,-844.0,314,4,217,0,1385
1386,random_policy,pac,-610.0,500,3,195,0,1386
1387,random_policy,pac,-330.0,500,1,207,0,1387
1388,random_policy,pac,-420.0,500,2,196,0,1388
1389,random_policy,pac,-330.0,500,2,187,0,1389
1390,random_policy,pac,130.0,500,0,185,0,1390
1391,random_policy,pac,-400.0,500,2,198,0,1391
1392,random_policy,pac,-761.0,381,4,202,0,1392
1393,random_policy,pac,-130.0,500,0,207,0,1393
1394,random_policy,pac,-848.0,318,4,217,0,1394
1395,random_policy,pac,-701.0,391,4,195,0,1395
1396,random_policy,pac,230.0,500,0,171,0,1396
1397,random_policy,pac,-430.0,500,3,177,0,1397
1398,random_policy,pac,210.0,500,0,177,0,1398
1399,random_policy,pac,200.0,500,0,178,0,1399
1400,random_policy,pac,-717.0,467,4,193,0,1400
1401,random_policy,pac,-590.0,500,3,197,0,1401
1402,random_policy,pac,-783.0,253,4,217,0,1402
1403,random_policy,pac,220.0,500,0,172,0,1403
1404,random_policy,pac,-671.0,431,4,192,0,1404
1405,random_policy,pac,-90.0,500,1,183,0,1405
1406,random_policy,pac,-540.0,500,3,188,0,1406
1407,random_policy,pac,30.0,500,0,191,0,1407
1408,random_policy,pac,20.0,500,0,192,0,1408
1409,random_policy,pac,-100.0,500,2,168,0,1409
1410,random_policy,pac,-637.0,387,4,189,0,1410
1411,random_policy,pac,-310.0,500,3,169,0,1411
1412,random_policy,pac,-810.0,450,4,200,0,1412
1413,random_policy,pac,150.0,500,0,183,0,1413
1414,random_policy,pac,-685.0,405,4,196,0,1414
1415,random_policy,pac,50.0,500,0,189,0,1415
1416,random_policy,pac,-490.0,500,3,183,0,1416
1417,random_policy,pac,-669.0,289,4,202,0,1417
1418,random_policy,pac,-120.0,500,1,190,0,1418
1419,random_policy,pac,-300.0,500,3,168,0,1419
1420,random_policy,pac,190.0,500,0,175,0,1420
1421,random_policy,pac,-450.0,500,3,179,0,1421
1422,random_policy,pac,-734.0,394,4,198,0,1422
1423,random_policy,pac,80.0,500,0,186,0,1423
1424,random_policy,pac,-614.0,284,4,197,0,1424
1425,random_policy,pac,-20.0,500,0,196,0,1425
1426,random_policy,pac,-150.0,500,2,169,0,1426
1427,random_policy,pac,-660.0,370,4,193,0,1427
1428,random_policy,pac,110.0,500,0,187,0,1428
1429,random_policy,pac,-633.0,213,4,206,0,1429
1430,random_policy,pac,-160.0,500,1,194,0,1430
1431,random_policy,pac,-630.0,500,3,197,0,1431
1432,random_policy,pac,80.0,500,0,190,0,1432
1433,random_policy,pac,-640.0,500,3,198,0,1433
1434,random_policy,pac,-230.0,500,3,161,0,1434
1435,random_policy,pac,-60.0,500,1,180,0,1435
1436,random_policy,pac,-100.0,500,2,164,0,1436
1437,random_policy,pac,-633.0,373,4,190,0,1437
1438,random_policy,pac,220.0,500,1,176,0,1438
1439,random_policy,pac,30.0,500,0,195,0,1439
1440,random_policy,pac,80.0,500,0,186,0,1440
1441,random_policy,pac,-542.0,422,4,180,0,1441
1442,random_policy,pac,-370.0,500,2,191,0,1442
1443,random_policy,pac,-450.0,500,3,179,0,1443
1444,random_policy,pac,150.0,500,0,179,0,1444
1445,random_policy,pac,-562.0,272,4,197,0,1445
1446,random_policy,pac,-741.0,461,4,192,0,1446
1447,random_policy,pac,-20.0,500,0,196,0,1447
1448,random_policy,pac,-547.0,407,4,178,0,1448
1449,random_policy,pac,-616.0,386,4,191,0,1449
1450,random_policy,pac,-310.0,500,2,189,0,1450
1451,random_policy,pac,-590.0,500,3,193,0,1451
1452,random_policy,pac,170.0,500,0,181,0,1452
1453,random_policy,pac,-550.0,500,3,189,0,1453
1454,random_policy,pac,-774.0,484,4,193,0,1454
1455,random_policy,pac,-466.0,356,4,179,0,1455
1456,random_policy,pac,110.0,500,0,187,0,1456
1457,random_policy,pac,-949.0,469,4,212,0,1457
1458,random_policy,pac,-742.0,462,4,192,0,1458
1459,random_policy,pac,-340.0,500,3,168,0,1459
1460,random_policy,pac,-764.0,334,4,207,0,1460
1461,random_policy,pac,-140.0,500,2,172,0,1461
1462,random_policy,pac,40.0,500,2,174,0,1462
1463,random_policy,pac,-614.0,394,4,186,0,1463
1464,random_policy,pac,0.0,500,1,178,0,1464
1465,random_policy,pac,-600.0,500,3,194,0,1465
1466,random_policy,pac,-470.0,500,3,181,0,1466
1467,random_policy,pac,-310.0,500,3,173,0,1467
1468,random_policy,pac,-60.0,500,2,164,0,1468
1469,random_policy,pac,-702.0,412,4,193,0,1469
1470,random_policy,pac,-460.0,500,3,184,0,1470
1471,random_policy,pac,-566.0,396,4,185,0,1471
1472,random_policy,pac,-628.0,418,4,185,0,1472
1473,random_policy,pac,-676.0,296,4,202,0,1473
1474,random_policy,pac,150.0,500,0,183,0,1474
1475,random_policy,pac,170.0,500,0,181,0,1475
1476,random_policy,pac,-259.0,449,4,169,0,1476
1477,random_policy,pac,60.0,500,0,192,0,1477
1478,random_policy,pac,-10.0,500,0,195,0,1478
1479,random_policy,pac,-410.0,500,3,179,0,1479
1480,random_policy,pac,-520.0,500,3,186,0,1480
1481,random_policy,pac,-633.0,473,4,184,0,1481
1482,random_policy,pac,-652.0,442,4,189,0,1482
1483,random_policy,pac,150.0,500,0,179,0,1483
1484,random_policy,pac,180.0,500,0,200,0,1484
1485,random_policy,pac,-420.0,500,3,180,0,1485
1486,random_policy,pac,-500.0,500,2,204,0,1486
1487,random_policy,pac,-620.0,500,3,196,0,1487
1488,random_policy,pac,-440.0,500,3,182,0,1488
1489,random_policy,pac,-650.0,330,4,196,0,1489
1490,random_policy,pac,-670.0,500,3,201,0,1490
1491,random_policy,pac,-510.0,500,3,185,0,1491
1492,random_policy,pac,90.0,500,0,189,0,1492
1493,random_policy,pac,-310.0,500,2,185,0,1493
1494,random_policy,pac,-573.0,383,4,187,0,1494
1495,random_policy,pac,-10.0,500,1,175,0,1495
1496,random_policy,pac,-300.0,500,2,188,0,1496
1497,random_policy,pac,-718.0,338,4,202,0,1497
1498,random_policy,pac,-867.0,377,4,213,0,1498
1499,random_policy,pac,-370.0,500,3,175,0,1499
1500,random_policy,pac,-460.0,500,3,180,0,1500
1501,random_policy,pac,-100.0,500,0,204,0,1501
1502,random_policy,pac,-397.0,317,4,176,0,1502
1503,random_policy,pac,-100.0,500,1,188,0,1503
1504,random_policy,pac,-430.0,500,3,177,0,1504
1505,random_policy,pac,-170.0,500,2,175,0,1505
1506,random_policy,pac,-500.0,500,3,184,0,1506
1507,random_policy,pac,-30.0,500,0,201,0,1507
1508,random_policy,pac,-360.0,500,2,190,0,1508
1509,random_policy,pac,-654.0,384,4,191,0,1509
1510,random_policy,pac,40.0,500,0,190,0,1510
1511,random_policy,pac,-120.0,500,2,170,0,1511
1512,random_policy,pac,-540.0,500,3,188,0,1512
1513,random_policy,pac,-670.0,500,3,201,0,1513
1514,random_policy,pac,150.0,500,0,179,0,1514
1515,random_policy,pac,-10.0,500,1,179,0,1515
1516,random_policy,pac,-130.0,500,1,187,0,1516
1517,random_policy,pac,150.0,500,0,183,0,1517
1518,random_policy,pac,-110.0,500,0,205,0,1518
1519,random_policy,pac,-577.0,287,4,197,0,1519
1520,random_policy,pac,-610.0,430,4,182,0,1520
1521,random_policy,pac,-875.0,445,4,207,0,1521
1522,random_policy,pac,-30.0,500,1,181,0,1522
1523,random_policy,pac,-610.0,460,4,179,0,1523
1524,random_policy,pac,150.0,500,0,179,0,1524
1525,random_policy,pac,-801.0,281,4,216,0,1525
1526,random_policy,pac,-643.0,393,4,189,0,1526
1527,random_policy,pac,-680.0,310,4,201,0,1527
1528,random_policy,pac,-280.0,500,2,186,0,1528
1529,random_policy,pac,70.0,500,0,187,0,1529
1530,random_policy,pac,40.0,500,0,194,0,1530
1531,random_policy,pac,-639.0,429,4,185,0,1531
1532,random_policy,pac,-786.0,466,4,196,0,1532
1533,random_policy,pac,210.0,500,1,153,0,1533
1534,random_policy,pac,-661.0,411,4,189,0,1534
1535,random_policy,pac,-540.0,500,3,188,0,1535
1536,random_policy,pac,-630.0,500,3,201,0,1536
1537,random_policy,pac,-678.0,398,4,192,0,1537
1538,random_policy,pac,-608.0,278,4,201,0,1538
1539,random_policy,pac,-662.0,312,4,199,0,1539
1540,random_policy,pac,-210.0,500,2,175,0,1540
1541,random_policy,pac,-732.0,252,4,212,0,1541
1542,random_policy,pac,-430.0,500,2,197,0,1542
1543,random_policy,pac,-861.0,181,4,232,0,1543
1544,random_policy,pac,-200.0,500,2,178,0,1544
1545,random_policy,pac,-480.0,500,3,182,0,1545
1546,random_policy,pac,-600.0,500,3,194,0,1546
1547,random_policy,pac,-40.0,500,0,198,0,1547
1548,random_policy,pac,-350.0,500,3,193,0,1548
1549,random_policy,pac,-100.0,500,2,168,0,1549
1550,random_policy,pac,-120.0,500,2,170,0,1550
1551,random_policy,pac,-808.0,268,4,218,0,1551
1552,random_policy,pac,-667.0,427,4,192,0,1552
1553,random_policy,pac,-690.0,500,3,203,0,1553
1554,random_policy,pac,130.0,500,0,185,0,1554
1555,random_policy,pac,-710.0,490,4,186,0,1555
1556,random_policy,pac,-60.0,500,1,184,0,1556
1557,random_policy,pac,30.0,500,0,191,0,1557
1558,random_policy,pac,-600.0,500,3,194,0,1558
1559,random_policy,pac,10.0,500,1,177,0,1559
1560,random_policy,pac,420.0,500,0,176,0,1560
1561,random_policy,pac,-280.0,500,3,166,0,1561
1562,random_policy,pac,-90.0,500,0,203,0,1562
1563,random_policy,pac,-851.0,431,4,206,0,1563
1564,random_policy,pac,-420.0,500,3,180,0,1564
1565,random_policy,pac,160.0,500,0,182,0,1565
1566,random_policy,pac,-500.0,500,3,184,0,1566
1567,random_policy,pac,170.0,500,0,181,0,1567
1568,random_policy,pac,-510.0,500,2,205,0,1568
1569,random_policy,pac,160.0,500,0,182,0,1569
1570,random_policy,pac,-100.0,500,2,168,0,1570
1571,random_policy,pac,-60.0,500,1,184,0,1571
1572,random_policy,pac,-330.0,500,3,171,0,1572
1573,random_policy,pac,-450.0,500,3,183,0,1573
1574,random_policy,pac,-460.0,500,3,184,0,1574
1575,random_policy,pac,-700.0,500,3,204,0,1575
1576,random_policy,pac,-574.0,484,4,177,0,1576
1577,random_policy,pac,-360.0,500,3,170,0,1577
1578,random_policy,pac,20.0,500,0,192,0,1578
1579,random_policy,pac,40.0,500,0,194,0,1579
1580,random_policy,pac,-544.0,364,4,182,0,1580
1581,random_policy,pac,-700.0,500,3,204,0,1581
1582,random_policy,pac,-230.0,500,0,217,0,1582
1583,random_policy,pac,-260.0,500,1,200,0,1583
1584,random_policy,pac,-270.0,500,2,185,0,1584
1585,random_policy,pac,-480.0,500,3,186,0,1585
1586,random_policy,pac,-260.0,500,2,180,0,1586
1587,random_policy,pac,250.0,500,0,173,0,1587
1588,random_policy,pac,-320.0,500,2,186,0,1588
1589,random_policy,pac,90.0,500,0,189,0,1589
1590,random_policy,pac,-350.0,500,1,209,0,1590
1591,random_policy,pac,-712.0,172,4,218,0,1591
1592,random_policy,pac,470.0,500,1,171,0,1592
1593,random_policy,pac,470.0,500,0,151,0,1593
1594,random_policy,pac,-160.0,500,2,174,0,1594
1595,random_policy,pac,-220.0,500,3,180,0,1595
1596,random_policy,pac,-270.0,500,2,185,0,1596
1597,random_policy,pac,90.0,500,0,189,0,1597
1598,random_policy,pac,-50.0,500,0,199,0,1598
1599,random_policy,pac,-609.0,219,4,203,0,1599
1600,random_policy,pac,-240.0,500,0,218,0,1600
1601,random_policy,pac,-60.0,500,0,204,0,1601
1602,random_policy,pac,-30.0,500,0,201,0,1602
1603,random_policy,pac,-510.0,500,3,185,0,1603
1604,random_policy,pac,-320.0,500,2,186,0,1604
1605,random_policy,pac,-835.0,335,4,214,0,1605
1606,random_policy,pac,-735.0,155,4,222,0,1606
1607,random_policy,pac,100.0,500,0,184,0,1607
1608,random_policy,pac,-110.0,500,0,205,0,1608
1609,random_policy,pac,-450.0,500,2,199,0,1609
1610,random_policy,pac,-290.0,500,2,187,0,1610
1611,random_policy,pac,-600.0,500,3,194,0,1611
1612,random_policy,pac,-360.0,500,3,174,0,1612
1613,random_policy,pac,-600.0,410,4,183,0,1613
1614,random_policy,pac,-664.0,234,4,207,0,1614
1615,random_policy,pac,20.0,500,2,156,0,1615
1616,random_policy,pac,-130.0,500,0,211,0,1616
1617,random_policy,pac,-80.0,500,0,202,0,1617
1618,random_policy,pac,-500.0,500,2,204,0,1618
1619,random_policy,pac,-390.0,500,3,173,0,1619
1620,random_policy,pac,-450.0,500,3,183,0,1620
1621,random_policy,pac,-220.0,500,3,160,0,1621
1622,random_policy,pac,230.0,500,0,175,0,1622
1623,random_policy,pac,-954.0,494,4,210,0,1623
1624,random_policy,pac,-190.0,500,2,177,0,1624
1625,random_policy,pac,-554.0,394,4,180,0,1625
1626,random_policy,pac,-748.0,418,4,197,0,1626
1627,random_policy,pac,-440.0,500,2,202,0,1627
1628,random_policy,pac,470.0,500,0,175,0,1628
1629,random_policy,pac,200.0,500,0,198,0,1629
1630,random_policy,pac,190.0,500,1,163,0,1630
1631,random_policy,pac,-718.0,478,4,192,0,1631
1632,random_policy,pac,-580.0,500,3,192,0,1632
1633,random_policy,pac,-930.0,500,3,227,0,1633
1634,random_policy,pac,-460.0,500,3,184,0,1634
1635,random_policy,pac,-100.0,500,0,204,0,1635
1636,random_policy,pac,-754.0,464,4,193,0,1636
1637,random_policy,pac,30.0,500,0,191,0,1637
1638,random_policy,pac,-627.0,497,4,181,0,1638
1639,random_policy,pac,-593.0,303,4,193,0,1639
1640,random_policy,pac,-687.0,417,4,191,0,1640
1641,random_policy,pac,-773.0,483,4,193,0,1641
1642,random_policy,pac,-380.0,500,3,176,0,1642
1643,random_policy,pac,-20.0,500,0,196,0,1643
1644,random_policy,pac,120.0,500,0,182,0,1644
1645,random_policy,pac,-260.0,500,1,200,0,1645
1646,random_policy,pac,-310.0,500,2,189,0,1646
1647,random_policy,pac,-737.0,477,4,190,0,1647
1648,random_policy,pac,-540.0,500,2,208,0,1648
1649,random_policy,pac,140.0,500,1,164,0,1649
1650,random_policy,pac,-380.0,500,3,172,0,1650
1651,random_policy,pac,-80.0,500,0,202,0,1651
1652,random_policy,pac,-640.0,320,4,196,0,1652
1653,random_policy,pac,-800.0,210,4,223,0,1653
1654,random_policy,pac,-891.0,411,4,212,0,1654
1655,random_policy,pac,-397.0,407,4,167,0,1655
1656,random_policy,pac,-844.0,394,4,209,0,1656
1657,random_policy,pac,-680.0,500,3,202,0,1657
1658,random_policy,pac,-660.0,480,4,182,0,1658
1659,random_policy,pac,-510.0,500,2,205,0,1659
1660,random_policy,pac,-270.0,500,2,185,0,1660
1661,random_policy,pac,-120.0,500,0,206,0,1661
1662,random_policy,pac,-70.0,500,2,165,0,1662
1663,random_policy,pac,-10.0,500,1,179,0,1663
1664,random_policy,pac,-817.0,467,4,203,0,1664
1665,random_policy,pac,300.0,500,0,168,0,1665
1666,random_policy,pac,-792.0,472,4,200,0,1666
1667,random_policy,pac,-625.0,285,4,198,0,1667
1668,random_policy,pac,-619.0,389,4,187,0,1668
1669,random_policy,pac,-480.0,430,4,173,0,1669
1670,random_policy,pac,-20.0,500,0,200,0,1670
1671,random_policy,pac,-675.0,285,4,203,0,1671
1672,random_policy,pac,-612.0,262,4,199,0,1672
1673,random_policy,pac,-280.0,500,2,186,0,1673
1674,random_policy,pac,-672.0,322,4,199,0,1674
1675,random_policy,pac,-500.0,500,3,184,0,1675
1676,random_policy,pac,0.0,500,0,198,0,1676
1677,random_policy,pac,-150.0,500,1,189,0,1677
1678,random_policy,pac,-60.0,500,1,180,0,1678
1679,random_policy,pac,-671.0,181,4,213,0,1679
1680,random_policy,pac,130.0,500,2,141,0,1680
1681,random_policy,pac,-591.0,281,4,195,0,1681
1682,random_policy,pac,-340.0,500,2,192,0,1682
1683,random_policy,pac,-731.0,441,4,193,0,1683
1684,random_policy,pac,-140.0,500,1,188,0,1684
1685,random_policy,pac,110.0,500,0,187,0,1685
1686,random_policy,pac,-580.0,500,3,192,0,1686
1687,random_policy,pac,70.0,500,0,187,0,1687
1688,random_policy,pac,-530.0,500,3,187,0,1688
1689,random_policy,pac,-527.0,487,4,172,0,1689
1690,random_policy,pac,-600.0,500,2,214,0,1690
1691,random_policy,pac,-310.0,500,2,185,0,1691
1692,random_policy,pac,100.0,500,0,188,0,1692
1693,random_policy,pac,-460.0,500,3,184,0,1693
1694,random_policy,pac,-320.0,500,3,170,0,1694
1695,random_policy,pac,-580.0,500,3,196,0,1695
1696,random_policy,pac,-210.0,500,2,175,0,1696
1697,random_policy,pac,-610.0,500,3,195,0,1697
1698,random_policy,pac,-340.0,500,3,168,0,1698
1699,random_policy,pac,-410.0,500,3,179,0,1699
1700,random_policy,pac,-572.0,352,4,186,0,1700
1701,random_policy,pac,-260.0,500,3,160,0,1701
1702,random_policy,pac,-620.0,500,3,200,0,1702
1703,random_policy,pac,-470.0,500,3,185,0,1703
1704,random_policy,pac,-364.0,444,4,160,0,1704
1705,random_policy,pac,-170.0,500,0,211,0,1705
1706,random_policy,pac,-620.0,500,3,196,0,1706
1707,random_policy,pac,20.0,500,1,176,0,1707
1708,random_policy,pac,-703.0,393,4,195,0,1708
1709,random_policy,pac,0.0,500,0,198,0,1709
1710,random_policy,pac,100.0,500,0,188,0,1710
1711,random_policy,pac,-90.0,500,1,187,0,1711
1712,random_policy,pac,50.0,500,2,157,0,1712
1713,random_policy,pac,280.0,500,0,170,0,1713
1714,random_policy,pac,-480.0,500,3,182,0,1714
1715,random_policy,pac,-400.0,500,2,198,0,1715
1716,random_policy,pac,-725.0,465,4,190,0,1716
1717,random_policy,pac,-280.0,500,1,206,0,1717
1718,random_policy,pac,-40.0,500,0,198,0,1718
1719,random_policy,pac,100.0,500,2,168,0,1719
1720,random_policy,pac,60.0,500,0,188,0,1720
1721,random_policy,pac,-777.0,437,4,198,0,1721
1722,random_policy,pac,-470.0,500,3,181,0,1722
1723,random_policy,pac,-60.0,500,1,184,0,1723
1724,random_policy,pac,-667.0,447,4,186,0,1724
1725,random_policy,pac,30.0,500,0,191,0,1725
1726,random_policy,pac,-20.0,500,1,180,0,1726
1727,random_policy,pac,0.0,500,0,194,0,1727
1728,random_policy,pac,160.0,500,2,162,0,1728
1729,random_policy,pac,-803.0,463,4,198,0,1729
1730,random_policy,pac,-150.0,500,1,193,0,1730
1731,random_policy,pac,-50.0,500,0,199,0,1731
1732,random_policy,pac,80.0,500,1,170,0,1732
1733,random_policy,pac,-360.0,500,2,194,0,1733
1734,random_policy,pac,70.0,500,1,167,0,1734
1735,random_policy,pac,-270.0,500,1,201,0,1735
1736,random_policy,pac,-500.0,500,2,204,0,1736
1737,random_policy,pac,-330.0,500,3,171,0,1737
1738,random_policy,pac,-879.0,429,4,209,0,1738
1739,random_policy,pac,-480.0,500,2,202,0,1739
1740,random_policy,pac,-624.0,474,4,179,0,1740
1741,random_policy,pac,-610.0,500,3,195,0,1741
1742,random_policy,pac,-868.0,268,4,224,0,1742
1743,random_policy,pac,370.0,500,0,161,0,1743
1744,random_policy,pac,-360.0,500,3,170,0,1744
1745,random_policy,pac,-180.0,500,0,212,0,1745
1746,random_policy,pac,40.0,500,1,174,0,1746
1747,random_policy,pac,-769.0,389,4,202,0,1747
1748,random_policy,pac,-560.0,500,3,190,0,1748
1749,random_policy,pac,-120.0,500,3,170,0,1749
1750,random_policy,pac,120.0,500,1,162,0,1750
1751,random_policy,pac,-310.0,500,2,189,0,1751
1752,random_policy,pac,-520.0,500,3,186,0,1752
1753,random_policy,pac,-706.0,256,4,209,0,1753
1754,random_policy,pac,90.0,500,0,189,0,1754
1755,random_policy,pac,-676.0,256,4,206,0,1755
1756,random_policy,pac,150.0,500,0,183,0,1756
1757,random_policy,pac,50.0,500,1,173,0,1757
1758,random_policy,pac,370.0,500,0,161,0,1758
1759,random_policy,pac,70.0,500,0,191,0,1759
1760,random_policy,pac,240.0,500,0,174,0,1760
1761,random_policy,pac,-490.0,500,3,183,0,1761
1762,random_policy,pac,-300.0,500,2,184,0,1762
1763,random_policy,pac,-643.0,263,4,202,0,1763
1764,random_policy,pac,-50.0,500,2,167,0,1764
1765,random_policy,pac,-712.0,272,4,208,0,1765
1766,random_policy,pac,130.0,500,0,185,0,1766
1767,random_policy,pac,-480.0,500,3,186,0,1767
1768,random_policy,pac,-540.0,500,3,188,0,1768
1769,random_policy,pac,40.0,500,0,194,0,1769
1770,random_policy,pac,-460.0,500,2,200,0,1770
1771,random_policy,pac,-904.0,484,4,206,0,1771
1772,random_policy,pac,-600.0,500,3,198,0,1772
1773,random_policy,pac,-869.0,479,4,203,0,1773
1774,random_policy,pac,250.0,500,0,173,0,1774
1775,random_policy,pac,-320.0,500,2,186,0,1775
1776,random_policy,pac,-680.0,500,3,202,0,1776
1777,random_policy,pac,-502.0,362,4,182,0,1777
1778,random_policy,pac,40.0,500,0,194,0,1778
1779,random_policy,pac,-602.0,452,4,179,0,1779
1780,random_policy,pac,-250.0,500,2,183,0,1780
1781,random_policy,pac,-470.0,500,3,181,0,1781
1782,random_policy,pac,-70.0,500,1,185,0,1782
1783,random_policy,pac,210.0,500,1,157,0,1783
1784,random_policy,pac,-220.0,500,1,200,0,1784
1785,random_policy,pac,240.0,500,0,174,0,1785
1786,random_policy,pac,40.0,500,0,194,0,1786
1787,random_policy,pac,-490.0,500,3,183,0,1787
1788,random_policy,pac,-533.0,463,4,175,0,1788
1789,random_policy,pac,-551.0,451,4,174,0,1789
1790,random_policy,pac,-290.0,500,2,183,0,1790
1791,random_policy,pac,-798.0,458,4,198,0,1791
1792,random_policy,pac,-796.0,486,4,195,0,1792
1793,random_policy,pac,20.0,500,0,192,0,1793
1794,random_policy,pac,-230.0,500,2,181,0,1794
1795,random_policy,pac,0.0,500,0,198,0,1795
1796,random_policy,pac,-540.0,240,4,194,0,1796
1797,random_policy,pac,-250.0,500,2,183,0,1797
1798,random_policy,pac,-40.0,500,1,178,0,1798
1799,random_policy,pac,60.0,500,0,188,0,1799
1800,random_policy,pac,120.0,500,0,182,0,1800
1801,random_policy,pac,-743.0,383,4,200,0,1801
1802,random_policy,pac,-556.0,496,4,170,0,1802
1803,random_policy,pac,-689.0,469,4,190,0,1803
1804,random_policy,pac,-180.0,500,3,156,0,1804
1805,random_policy,pac,-613.0,443,4,181,0,1805
1806,random_policy,pac,-696.0,426,4,191,0,1806
1807,random_policy,pac,30.0,500,0,191,0,1807
1808,random_policy,pac,-250.0,500,1,203,0,1808
1809,random_policy,pac,-758.0,338,4,206,0,1809
1810,random_policy,pac,-350.0,500,2,189,0,1810
1811,random_policy,pac,-640.0,450,4,183,0,1811
1812,random_policy,pac,-410.0,500,3,183,0,1812
1813,random_policy,pac,-430.0,500,2,197,0,1813
1814,random_policy,pac,-10.0,500,0,199,0,1814
1815,random_policy,pac,-572.0,412,4,180,0,1815
1816,random_policy,pac,-430.0,500,2,201,0,1816
1817,random_policy,pac,-250.0,500,0,219,0,1817
1818,random_policy,pac,0.0,500,0,194,0,1818
1819,random_policy,pac,-200.0,500,1,198,0,1819
1820,random_policy,pac,80.0,500,2,146,0,1820
1821,random_policy,pac,-400.0,500,2,194,0,1821
1822,random_policy,pac,-560.0,500,3,190,0,1822
1823,random_policy,pac,-590.0,500,3,193,0,1823
1824,random_policy,pac,30.0,500,0,191,0,1824
1825,random_policy,pac,-580.0,500,3,192,0,1825
1826,random_policy,pac,-360.0,500,2,190,0,1826
1827,random_policy,pac,-441.0,331,4,175,0,1827
1828,random_policy,pac,-630.0,500,3,197,0,1828
1829,random_policy,pac,-150.0,500,0,209,0,1829
1830,random_policy,pac,-570.0,310,4,190,0,1830
1831,random_policy,pac,-610.0,500,3,195,0,1831
1832,random_policy,pac,-210.0,500,1,195,0,1832
1833,random_policy,pac,-592.0,282,4,199,0,1833
1834,random_policy,pac,90.0,500,1,169,0,1834
1835,random_policy,pac,-70.0,500,0,201,0,1835
1836,random_policy,pac,-110.0,500,3,169,0,1836
1837,random_policy,pac,-549.0,489,4,174,0,1837
1838,random_policy,pac,-350.0,500,1,209,0,1838
1839,random_policy,pac,-420.0,500,3,176,0,1839
1840,random_policy,pac,-460.0,500,3,180,0,1840
1841,random_policy,pac,-768.0,398,4,201,0,1841
1842,random_policy,pac,290.0,500,0,189,0,1842
1843,random_policy,pac,-602.0,432,4,181,0,1843
1844,random_policy,pac,-400.0,500,1,214,0,1844
1845,random_policy,pac,-480.0,500,3,182,0,1845
1846,random_policy,pac,-560.0,500,2,210,0,1846
1847,random_policy,pac,80.0,500,0,186,0,1847
1848,random_policy,pac,-410.0,500,2,195,0,1848
1849,random_policy,pac,-570.0,500,3,191,0,1849
1850,random_policy,pac,-350.0,500,2,193,0,1850
1851,random_policy,pac,-210.0,500,2,175,0,1851
1852,random_policy,pac,-70.0,500,0,201,0,1852
1853,random_policy,pac,-430.0,500,2,201,0,1853
1854,random_policy,pac,-80.0,500,3,166,0,1854
1855,random_policy,pac,-283.0,493,4,147,0,1855
1856,random_policy,pac,-787.0,377,4,205,0,1856
1857,random_policy,pac,-450.0,500,1,219,0,1857
1858,random_policy,pac,160.0,500,0,182,0,1858
1859,random_policy,pac,-480.0,500,3,182,0,1859
1860,random_policy,pac,-10.0,500,0,199,0,1860
1861,random_policy,pac,-556.0,286,4,191,0,1861
1862,random_policy,pac,70.0,500,0,191,0,1862
1863,random_policy,pac,-400.0,500,3,178,0,1863
1864,random_policy,pac,-850.0,410,4,208,0,1864
1865,random_policy,pac,-10.0,500,0,195,0,1865
1866,random_policy,pac,-280.0,500,1,202,0,1866
1867,random_policy,pac,-370.0,500,3,175,0,1867
1868,random_policy,pac,-900.0,490,4,205,0,1868
1869,random_policy,pac,-360.0,500,3,174,0,1869
1870,random_policy,pac,-694.0,224,4,211,0,1870
1871,random_policy,pac,-680.0,500,3,202,0,1871
1872,random_policy,pac,-618.0,488,4,181,0,1872
1873,random_policy,pac,120.0,500,0,186,0,1873
1874,random_policy,pac,-543.0,443,4,174,0,1874
1875,random_policy,pac,-696.0,426,4,191,0,1875
1876,random_policy,pac,-160.0,500,1,194,0,1876
1877,random_policy,pac,-380.0,500,2,196,0,1877
1878,random_policy,pac,260.0,500,0,168,0,1878
1879,random_policy,pac,210.0,500,0,173,0,1879
1880,random_policy,pac,40.0,500,0,194,0,1880
1881,random_policy,pac,300.0,500,0,168,0,1881
1882,random_policy,pac,-450.0,500,3,183,0,1882
1883,random_policy,pac,-613.0,363,4,189,0,1883
1884,random_policy,pac,-60.0,500,0,200,0,1884
1885,random_policy,pac,-720.0,500,3,206,0,1885
1886,random_policy,pac,-786.0,266,4,216,0,1886
1887,random_policy,pac,-510.0,500,3,185,0,1887
1888,random_policy,pac,170.0,500,0,181,0,1888
1889,random_policy,pac,-555.0,405,4,183,0,1889
1890,random_policy,pac,-440.0,500,2,198,0,1890
1891,random_policy,pac,-585.0,355,4,187,0,1891
1892,random_policy,pac,-607.0,397,4,185,0,1892
1893,random_policy,pac,-570.0,500,3,191,0,1893
1894,random_policy,pac,-340.0,500,2,188,0,1894
1895,random_policy,pac,-180.0,500,2,176,0,1895
1896,random_policy,pac,-620.0,500,3,196,0,1896
1897,random_policy,pac,-400.0,500,2,194,0,1897
1898,random_policy,pac,-190.0,500,1,197,0,1898
1899,random_policy,pac,-485.0,435,4,173,0,1899
1900,random_policy,pac,-280.0,500,1,202,0,1900
1901,random_policy,pac,-20.0,500,0,196,0,1901
1902,random_policy,pac,-430.0,500,2,197,0,1902
1903,random_policy,pac,-70.0,500,2,165,0,1903
1904,random_policy,pac,-280.0,500,3,162,0,1904
1905,random_policy,pac,-430.0,500,3,181,0,1905
1906,random_policy,pac,210.0,500,0,177,0,1906
1907,random_policy,pac,-767.0,447,4,196,0,1907
1908,random_policy,pac,-648.0,378,4,191,0,1908
1909,random_policy,pac,-220.0,500,3,160,0,1909
1910,random_policy,pac,250.0,500,1,173,0,1910
1911,random_policy,pac,-822.0,492,4,197,0,1911
1912,random_policy,pac,-706.0,426,4,192,0,1912
1913,random_policy,pac,470.0,500,0,191,0,1913
1914,random_policy,pac,-679.0,449,4,187,0,1914
1915,random_policy,pac,-400.0,500,3,174,0,1915
1916,random_policy,pac,-905.0,365,4,218,0,1916
1917,random_policy,pac,-791.0,251,4,218,0,1917
1918,random_policy,pac,-645.0,475,4,181,0,1918
1919,random_policy,pac,230.0,500,0,175,0,1919
1920,random_policy,pac,-590.0,500,3,193,0,1920
1921,random_policy,pac,-794.0,484,4,195,0,1921
1922,random_policy,pac,-560.0,500,3,190,0,1922
1923,random_policy,pac,-591.0,361,4,191,0,1923
1924,random_policy,pac,-550.0,340,4,185,0,1924
1925,random_policy,pac,-460.0,500,3,180,0,1925
1926,random_policy,pac,30.0,500,2,175,0,1926
1927,random_policy,pac,-210.0,500,1,199,0,1927
1928,random_policy,pac,10.0,500,0,197,0,1928
1929,random_policy,pac,-550.0,500,3,193,0,1929
1930,random_policy,pac,-80.0,500,0,202,0,1930
1931,random_policy,pac,-646.0,436,4,185,0,1931
1932,random_policy,pac,-831.0,181,4,229,0,1932
1933,random_policy,pac,360.0,500,0,162,0,1933
1934,random_policy,pac,70.0,500,0,191,0,1934
1935,random_policy,pac,-100.0,500,2,168,0,1935
1936,random_policy,pac,-470.0,500,2,201,0,1936
1937,random_policy,pac,-400.0,500,2,194,0,1937
1938,random_policy,pac,-766.0,466,4,194,0,1938
1939,random_policy,pac,130.0,500,0,181,0,1939
1940,random_policy,pac,-838.0,418,4,206,0,1940
1941,random_policy,pac,-766.0,496,4,191,0,1941
1942,random_policy,pac,160.0,500,0,178,0,1942
1943,random_policy,pac,-440.0,500,3,178,0,1943
1944,random_policy,pac,-663.0,273,4,203,0,1944
1945,random_policy,pac,-290.0,500,0,223,0,1945
1946,random_policy,pac,-90.0,500,2,167,0,1946
1947,random_policy,pac,-660.0,450,4,189,0,1947
1948,random_policy,pac,-431.0,321,4,175,0,1948
1949,random_policy,pac,-560.0,500,2,210,0,1949
1950,random_policy,pac,-340.0,500,3,172,0,1950
1951,random_policy,pac,-40.0,500,1,178,0,1951
1952,random_policy,pac,-540.0,500,3,188,0,1952
1953,random_policy,pac,-815.0,485,4,197,0,1953
1954,random_policy,pac,60.0,500,1,172,0,1954
1955,random_policy,pac,-280.0,500,1,202,0,1955
1956,random_policy,pac,-601.0,421,4,186,0,1956
1957,random_policy,pac,140.0,500,0,180,0,1957
1958,random_policy,pac,350.0,500,0,159,0,1958
1959,random_policy,pac,-580.0,500,3,192,0,1959
1960,random_policy,pac,0.0,500,0,198,0,1960
1961,random_policy,pac,-30.0,500,2,161,0,1961
1962,random_policy,pac,-650.0,280,4,201,0,1962
1963,random_policy,pac,-700.0,500,3,204,0,1963
1964,random_policy,pac,-679.0,489,4,183,0,1964
1965,random_policy,pac,-380.0,500,2,192,0,1965
1966,random_policy,pac,30.0,500,1,175,0,1966
1967,random_policy,pac,-888.0,368,4,216,0,1967
1968,random_policy,pac,60.0,500,2,172,0,1968
1969,random_policy,pac,-400.0,500,2,194,0,1969
1970,random_policy,pac,-70.0,500,2,165,0,1970
1971,random_policy,pac,-40.0,500,1,182,0,1971
1972,random_policy,pac,30.0,500,1,175,0,1972
1973,random_policy,pac,-40.0,500,0,198,0,1973
1974,random_policy,pac,-160.0,500,1,190,0,1974
1975,random_policy,pac,-350.0,500,0,229,0,1975
1976,random_policy,pac,70.0,500,1,167,0,1976
1977,random_policy,pac,-500.0,500,3,184,0,1977
1978,random_policy,pac,-240.0,500,1,198,0,1978
1979,random_policy,pac,-250.0,500,1,199,0,1979
1980,random_policy,pac,-751.0,321,4,207,0,1980
1981,random_policy,pac,-160.0,500,2,170,0,1981
1982,random_policy,pac,-895.0,365,4,217,0,1982
1983,random_policy,pac,-220.0,500,2,180,0,1983
1984,random_policy,pac,260.0,500,0,172,0,1984
1985,random_policy,pac,-420.0,500,3,180,0,1985
1986,random_policy,pac,130.0,500,0,185,0,1986
1987,random_policy,pac,40.0,500,0,190,0,1987
1988,random_policy,pac,-260.0,500,2,180,0,1988
1989,random_policy,pac,-260.0,500,2,180,0,1989
1990,random_policy,pac,-540.0,500,3,188,0,1990
1991,random_policy,pac,-10.0,500,1,179,0,1991
1992,random_policy,pac,70.0,500,2,155,0,1992
1993,random_policy,pac,-389.0,469,4,160,0,1993
1994,random_policy,pac,60.0,500,0,192,0,1994
1995,random_policy,pac,-843.0,463,4,202,0,1995
1996,random_policy,pac,-250.0,500,2,179,0,1996
1997,random_policy,pac,-598.0,308,4,193,0,1997
1998,random_policy,pac,-620.0,500,3,196,0,1998
1999,random_policy,pac,280.0,500,0,170,0,1999
2000,random_policy,pac,-300.0,500,2,188,0,2000
